{"type":"FeatureCollection","crs":{"type":"name","properties":{"name":"EPSG:4326"}},"features":[{"type":"Feature","id":292,"geometry":{"type":"LineString","coordinates":[[-74.9033173304113,38.9341156289278],[-74.9027971292786,38.9342911274644],[-74.9012668171445,38.9347990281737],[-74.9011195789268,38.9348485749329]]},"properties":{"OBJECTID":292,"PRIMENAME":"Beach Avenue","ELEVTYP_F":0,"ELEVTYP_T":0}},{"type":"Feature","id":407,"geometry":{"type":"LineString","coordinates":[[-74.9325767552071,38.9446410468651],[-74.9317583926709,38.9456236706157]]},"properties":{"OBJECTID":407,"PRIMENAME":"Unnamed Segment","ELEVTYP_F":0,"ELEVTYP_T":0}},{"type":"Feature","id":1206,"geometry":{"type":"LineString","coordinates":[[-74.921260119016,38.9329238717832],[-74.9212615422029,38.9329267773606],[-74.9213755041823,38.93312656654],[-74.921499383205,38.9332970216751]]},"properties":{"OBJECTID":1206,"PRIMENAME":"Ocean Street","ELEVTYP_F":0,"ELEVTYP_T":0}},{"type":"Feature","id":1224,"geometry":{"type":"LineString","coordinates":[[-74.9303520270244,38.9372088155215],[-74.930298745545,38.9376124412779],[-74.9302861340497,38.9377079808668]]},"properties":{"OBJECTID":1224,"PRIMENAME":"Broadway","ELEVTYP_F":0,"ELEVTYP_T":0}},{"type":"Feature","id":1357,"geometry":{"type":"LineString","coordinates":[[-74.9106796737782,38.9447079687665],[-74.9104839214108,38.944944008521],[-74.9101969540549,38.9452900304333],[-74.9098002555602,38.9457722231283]]},"properties":{"OBJECTID":1357,"PRIMENAME":"Massachusetts Avenue","ELEVTYP_F":0,"ELEVTYP_T":0}},{"type":"Feature","id":1728,"geometry":{"type":"LineString","coordinates":[[-74.921499383205,38.9332970216751],[-74.9215059174334,38.9333060130937],[-74.9215960409541,38.9334300393137],[-74.921857918425,38.933792177395],[-74.9222405540976,38.9343486706433],[-74.922305946364,38.9344258675085],[-74.9223579973821,38.9344646148093]]},"properties":{"OBJECTID":1728,"PRIMENAME":"Ocean Street","ELEVTYP_F":0,"ELEVTYP_T":0}},{"type":"Feature","id":1886,"geometry":{"type":"LineString","coordinates":[[-74.8897336258525,38.943630871048],[-74.8887786260405,38.9438308725033],[-74.8875936241504,38.9440798726112]]},"properties":{"OBJECTID":1886,"PRIMENAME":"Chase Avenue","ELEVTYP_F":0,"ELEVTYP_T":0}},{"type":"Feature","id":1992,"geometry":{"type":"LineString","coordinates":[[-74.9330857357734,38.940099701272],[-74.9329391611872,38.940025283677],[-74.9328957457392,38.9400104055856],[-74.9327941791619,38.9399755996662],[-74.9324303826153,38.9398940779105],[-74.9314644002492,38.939659120362],[-74.931355282375,38.9396328065688]]},"properties":{"OBJECTID":1992,"PRIMENAME":"5th Avenue","ELEVTYP_F":0,"ELEVTYP_T":0}},{"type":"Feature","id":2413,"geometry":{"type":"LineString","coordinates":[[-74.9311640408705,38.933174734928],[-74.931058639084,38.9335224755154],[-74.9309955538782,38.9337289771481]]},"properties":{"OBJECTID":2413,"PRIMENAME":"South Broadway","ELEVTYP_F":0,"ELEVTYP_T":0}},{"type":"Feature","id":2599,"geometry":{"type":"LineString","coordinates":[[-74.9173566982709,38.9306262905697],[-74.9171231374499,38.9306454680237],[-74.9169113850759,38.9306846664615],[-74.9166125723639,38.9307271409275],[-74.9164899010314,38.930748392396]]},"properties":{"OBJECTID":2599,"PRIMENAME":"Beach Avenue","ELEVTYP_F":0,"ELEVTYP_T":0}},{"type":"Feature","id":2906,"geometry":{"type":"LineString","coordinates":[[-74.9159801113629,38.9396050557667],[-74.9154422277465,38.9403066157246],[-74.915144297035,38.9406642796029],[-74.9150310336926,38.9408185058817]]},"properties":{"OBJECTID":2906,"PRIMENAME":"Washington Street","ELEVTYP_F":0,"ELEVTYP_T":0}},{"type":"Feature","id":3061,"geometry":{"type":"LineString","coordinates":[[-74.9105991960873,38.9427159424039],[-74.9107406499187,38.9429723465724],[-74.9110288700136,38.9434972460352]]},"properties":{"OBJECTID":3061,"PRIMENAME":"Reading Avenue","ELEVTYP_F":0,"ELEVTYP_T":0}},{"type":"Feature","id":3109,"geometry":{"type":"LineString","coordinates":[[-74.9325675438826,38.947769748385],[-74.9313369503451,38.9470230099617],[-74.9307323471019,38.9466604288596],[-74.9304692010977,38.9465109816564],[-74.9302801572067,38.9464221089633],[-74.9300994620756,38.946358742116],[-74.9299188243206,38.9463050122673],[-74.9297135930002,38.9462545581547],[-74.9293893967761,38.9461789495166],[-74.9291554712478,38.9461222020086],[-74.9289830827156,38.946071652873],[-74.9288228521468,38.9460082358521],[-74.9286749267277,38.9459383754493],[-74.9284733487085,38.9458111039824],[-74.9280250967343,38.945547141931],[-74.927895781369,38.9454670252627]]},"properties":{"OBJECTID":3109,"PRIMENAME":"Stimpson Lane","ELEVTYP_F":0,"ELEVTYP_T":0}},{"type":"Feature","id":3331,"geometry":{"type":"LineString","coordinates":[[-74.9133288794021,38.9430224656391],[-74.9131989237981,38.9431978637768],[-74.9130312953594,38.9434011013164]]},"properties":{"OBJECTID":3331,"PRIMENAME":"Washington Street","ELEVTYP_F":0,"ELEVTYP_T":0}},{"type":"Feature","id":4025,"geometry":{"type":"LineString","coordinates":[[-74.9283522086296,38.9346897072429],[-74.928448226939,38.9347023156753],[-74.9285099605764,38.934713758944],[-74.9285649446016,38.934731185317],[-74.9287192801647,38.9347891328106],[-74.9293157872713,38.9350112220215],[-74.9305774863974,38.9355040425494]]},"properties":{"OBJECTID":4025,"PRIMENAME":"Myrtle Avenue","ELEVTYP_F":0,"ELEVTYP_T":0}},{"type":"Feature","id":4035,"geometry":{"type":"LineString","coordinates":[[-74.9030046478181,38.9382522476291],[-74.9050770505141,38.93755190938],[-74.9051971670439,38.9375114028457]]},"properties":{"OBJECTID":4035,"PRIMENAME":"Idaho Avenue","ELEVTYP_F":0,"ELEVTYP_T":0}},{"type":"Feature","id":4260,"geometry":{"type":"LineString","coordinates":[[-74.929321782589,38.9432794477331],[-74.929395694783,38.9433179870862],[-74.9301103689885,38.943690629828],[-74.9302143710338,38.943744857214],[-74.9316551440658,38.9444960730928]]},"properties":{"OBJECTID":4260,"PRIMENAME":"Unnamed Segment","ELEVTYP_F":0,"ELEVTYP_T":0}},{"type":"Feature","id":4822,"geometry":{"type":"LineString","coordinates":[[-74.9092583603963,38.9402844726525],[-74.9093830542273,38.9405077952519],[-74.9097164437639,38.9411138441827]]},"properties":{"OBJECTID":4822,"PRIMENAME":"Reading Avenue","ELEVTYP_F":0,"ELEVTYP_T":0}},{"type":"Feature","id":5453,"geometry":{"type":"LineString","coordinates":[[-74.9302869165148,38.9408682932049],[-74.9303131773983,38.9411934156088],[-74.9303181334507,38.941321161316],[-74.9303145436709,38.9414194485719],[-74.9302982676314,38.9415013903781],[-74.9302735684259,38.9415800948778],[-74.9302321379869,38.941665451801],[-74.9301366753738,38.9418393966119],[-74.9299748343722,38.9421250125777],[-74.9299134036022,38.9422312972737]]},"properties":{"OBJECTID":5453,"PRIMENAME":"Broadway","ELEVTYP_F":0,"ELEVTYP_T":0}},{"type":"Feature","id":6229,"geometry":{"type":"LineString","coordinates":[[-74.8862894673601,38.9472156836081],[-74.8859128304205,38.9461422147569]]},"properties":{"OBJECTID":6229,"PRIMENAME":"Danmark Avenue","ELEVTYP_F":0,"ELEVTYP_T":0}},{"type":"Feature","id":6728,"geometry":{"type":"LineString","coordinates":[[-74.9085856809309,38.9344993010839],[-74.908790846089,38.9344304030679],[-74.9108642324563,38.9337285855552],[-74.9119962883929,38.9333503070759]]},"properties":{"OBJECTID":6728,"PRIMENAME":"New York Avenue","ELEVTYP_F":0,"ELEVTYP_T":0}},{"type":"Feature","id":6779,"geometry":{"type":"LineString","coordinates":[[-74.9260695923713,38.9499814888238],[-74.9280657200509,38.9503256270627]]},"properties":{"OBJECTID":6779,"PRIMENAME":"Taylor Lane","ELEVTYP_F":0,"ELEVTYP_T":0}},{"type":"Feature","id":7093,"geometry":{"type":"LineString","coordinates":[[-74.9150310336926,38.9408185058817],[-74.9154950683678,38.9410470119009],[-74.9158278307144,38.9411992378074],[-74.9158571572876,38.9412178326788],[-74.9158732181424,38.9412405665572],[-74.9158887709455,38.9412726920073]]},"properties":{"OBJECTID":7093,"PRIMENAME":"Schellenger Landing Road","ELEVTYP_F":0,"ELEVTYP_T":0}},{"type":"Feature","id":7532,"geometry":{"type":"LineString","coordinates":[[-74.937426215885,38.9402354449632],[-74.9372175218416,38.9401114546659],[-74.9372067224097,38.9401048503053]]},"properties":{"OBJECTID":7532,"PRIMENAME":"4th Avenue","ELEVTYP_F":0,"ELEVTYP_T":0}},{"type":"Feature","id":7557,"geometry":{"type":"LineString","coordinates":[[-74.9241793835339,38.9318551554694],[-74.9255294617006,38.9312451367348]]},"properties":{"OBJECTID":7557,"PRIMENAME":"Congress Place","ELEVTYP_F":0,"ELEVTYP_T":0}},{"type":"Feature","id":7628,"geometry":{"type":"LineString","coordinates":[[-74.9100782012018,38.9371945097482],[-74.9089254644512,38.9375839623066],[-74.9080534538168,38.9378812327623],[-74.9079430226165,38.9379180562549]]},"properties":{"OBJECTID":7628,"PRIMENAME":"Cape May Avenue","ELEVTYP_F":0,"ELEVTYP_T":0}},{"type":"Feature","id":7665,"geometry":{"type":"LineString","coordinates":[[-74.9113918304512,38.9395655486712],[-74.9100070764357,38.94003331764],[-74.9092583603963,38.9402844726525]]},"properties":{"OBJECTID":7665,"PRIMENAME":"Illinois Avenue","ELEVTYP_F":0,"ELEVTYP_T":0}},{"type":"Feature","id":8189,"geometry":{"type":"LineString","coordinates":[[-74.9208187952735,38.9303933964194],[-74.9208437342407,38.9304671428127],[-74.9208886737606,38.9305524040927],[-74.921399871217,38.9312618479708]]},"properties":{"OBJECTID":8189,"PRIMENAME":"Decatur Street","ELEVTYP_F":0,"ELEVTYP_T":0}},{"type":"Feature","id":8706,"geometry":{"type":"LineString","coordinates":[[-74.9100251562664,38.9501736948724],[-74.9100212700436,38.9501765913034],[-74.9097267391969,38.9503975960386]]},"properties":{"OBJECTID":8706,"PRIMENAME":"Wilson Drive","ELEVTYP_F":0,"ELEVTYP_T":0}},{"type":"Feature","id":8749,"geometry":{"type":"LineString","coordinates":[[-74.8846966242566,38.9475698717739],[-74.8837186758943,38.9449415463855]]},"properties":{"OBJECTID":8749,"PRIMENAME":"Perchard Avenue","ELEVTYP_F":0,"ELEVTYP_T":0}},{"type":"Feature","id":9106,"geometry":{"type":"LineString","coordinates":[[-74.9222950251624,38.9309461838066],[-74.9226883258915,38.9307858638021],[-74.9228267100778,38.9307294536766]]},"properties":{"OBJECTID":9106,"PRIMENAME":"Atlantic Terrace","ELEVTYP_F":0,"ELEVTYP_T":0}},{"type":"Feature","id":9221,"geometry":{"type":"LineString","coordinates":[[-74.9307854643432,38.9344154483093],[-74.9308722555108,38.9344484899083],[-74.9308822170001,38.9344510485454]]},"properties":{"OBJECTID":9221,"PRIMENAME":"Congress Street West","ELEVTYP_F":0,"ELEVTYP_T":0}},{"type":"Feature","id":9391,"geometry":{"type":"LineString","coordinates":[[-74.9315509348177,38.934584786189],[-74.9314338955254,38.93496159339],[-74.9313367627331,38.9352642168139]]},"properties":{"OBJECTID":9391,"PRIMENAME":"Fow Avenue","ELEVTYP_F":0,"ELEVTYP_T":0}},{"type":"Feature","id":9719,"geometry":{"type":"LineString","coordinates":[[-74.9309955538782,38.9337289771481],[-74.9293836817703,38.933350661929],[-74.9287198858964,38.9331904369678]]},"properties":{"OBJECTID":9719,"PRIMENAME":"Windsor Avenue","ELEVTYP_F":0,"ELEVTYP_T":0}},{"type":"Feature","id":11523,"geometry":{"type":"LineString","coordinates":[[-74.8751259469022,38.9447505103207],[-74.8753496207859,38.9450258718629],[-74.8760336208101,38.9458648719239],[-74.8760836212144,38.9459258735824],[-74.8764226210558,38.9463788732114],[-74.8764336650519,38.9463911578882]]},"properties":{"OBJECTID":11523,"PRIMENAME":"Arcus Road","ELEVTYP_F":0,"ELEVTYP_T":0}},{"type":"Feature","id":13122,"geometry":{"type":"LineString","coordinates":[[-74.9183159675302,38.9305551438749],[-74.9183412569704,38.9306530536172],[-74.9183907679891,38.9307510954525],[-74.9185176360407,38.9309416424654],[-74.9190036854907,38.9316166439925],[-74.9190132255789,38.9316306408145]]},"properties":{"OBJECTID":13122,"PRIMENAME":"Guerney Avenue","ELEVTYP_F":0,"ELEVTYP_T":0}},{"type":"Feature","id":13355,"geometry":{"type":"LineString","coordinates":[[-74.9031958423147,38.9433185170074],[-74.9036529924842,38.9441348724358]]},"properties":{"OBJECTID":13355,"PRIMENAME":"Baltimore Street","ELEVTYP_F":0,"ELEVTYP_T":0}},{"type":"Feature","id":13666,"geometry":{"type":"LineString","coordinates":[[-74.910519641294,38.9379867851645],[-74.9103537673859,38.937688317323],[-74.9100782012018,38.9371945097482]]},"properties":{"OBJECTID":13666,"PRIMENAME":"Philadelphia Avenue","ELEVTYP_F":0,"ELEVTYP_T":0}},{"type":"Feature","id":15943,"geometry":{"type":"LineString","coordinates":[[-74.9128540091171,38.9312979040241],[-74.9124334054234,38.9313569718174],[-74.9119190143662,38.9314356441245],[-74.9115521178908,38.9314872149493],[-74.911223065028,38.9315356865459],[-74.9109432095506,38.9315810174635],[-74.9107629754267,38.931624652201]]},"properties":{"OBJECTID":15943,"PRIMENAME":"Beach Avenue","ELEVTYP_F":0,"ELEVTYP_T":0}},{"type":"Feature","id":16437,"geometry":{"type":"LineString","coordinates":[[-74.8994760540363,38.9365815767953],[-74.8989246384981,38.9355896264278]]},"properties":{"OBJECTID":16437,"PRIMENAME":"Baltimore Avenue","ELEVTYP_F":0,"ELEVTYP_T":0}},{"type":"Feature","id":17284,"geometry":{"type":"LineString","coordinates":[[-74.9044965288009,38.9409445077752],[-74.904619636905,38.9411697084625],[-74.9049371998307,38.941744412578]]},"properties":{"OBJECTID":17284,"PRIMENAME":"Pittsburg Avenue","ELEVTYP_F":0,"ELEVTYP_T":0}},{"type":"Feature","id":19039,"geometry":{"type":"LineString","coordinates":[[-74.9043277536153,38.9359345329612],[-74.9046213279073,38.9364685463835],[-74.9047674344783,38.9367331246076]]},"properties":{"OBJECTID":19039,"PRIMENAME":"Trenton Avenue","ELEVTYP_F":0,"ELEVTYP_T":0}},{"type":"Feature","id":19044,"geometry":{"type":"LineString","coordinates":[[-74.9196914448228,38.9350318344963],[-74.9193092434937,38.9348507457349],[-74.9188893967622,38.934652711206]]},"properties":{"OBJECTID":19044,"PRIMENAME":"Franklin Street","ELEVTYP_F":0,"ELEVTYP_T":0}},{"type":"Feature","id":20240,"geometry":{"type":"LineString","coordinates":[[-74.9132586210985,38.9329480248264],[-74.9134100665047,38.9335768396777],[-74.9134276666908,38.9336472092276]]},"properties":{"OBJECTID":20240,"PRIMENAME":"Queen Street","ELEVTYP_F":0,"ELEVTYP_T":0}},{"type":"Feature","id":20419,"geometry":{"type":"LineString","coordinates":[[-74.9137148547106,38.9388565676903],[-74.9136445731324,38.9388506115764],[-74.9135687550881,38.9388538449922],[-74.9134664952732,38.9388749389821],[-74.9130652372766,38.9390037120141],[-74.9119827885797,38.939365899998],[-74.9113918304512,38.9395655486712]]},"properties":{"OBJECTID":20419,"PRIMENAME":"Illinois Avenue","ELEVTYP_F":0,"ELEVTYP_T":0}},{"type":"Feature","id":20852,"geometry":{"type":"LineString","coordinates":[[-74.9067086608389,38.9449542829291],[-74.9071384048187,38.9457284880326]]},"properties":{"OBJECTID":20852,"PRIMENAME":"Pittsburg Avenue","ELEVTYP_F":0,"ELEVTYP_T":0}},{"type":"Feature","id":21493,"geometry":{"type":"LineString","coordinates":[[-74.9169385895079,38.9400562951382],[-74.9165824158697,38.9398803765593],[-74.9161742907525,38.9396945649945],[-74.9159801113629,38.9396050557667]]},"properties":{"OBJECTID":21493,"PRIMENAME":"Golf Lane","ELEVTYP_F":0,"ELEVTYP_T":0}},{"type":"Feature","id":23730,"geometry":{"type":"LineString","coordinates":[[-74.925541652206,38.9529513156719],[-74.9255016016784,38.9531072135811],[-74.9254961091648,38.9531238735291]]},"properties":{"OBJECTID":23730,"PRIMENAME":"Seashore Road","ELEVTYP_F":0,"ELEVTYP_T":0}},{"type":"Feature","id":26434,"geometry":{"type":"LineString","coordinates":[[-74.8912892205247,38.9436102644158],[-74.89137292991,38.9432800194692],[-74.8913222310701,38.9430830917351],[-74.8911818861798,38.9429862159674],[-74.8909837647791,38.942913602117],[-74.8908412791887,38.9429242131956],[-74.8905134890388,38.9430489664327],[-74.8901752855979,38.9432579020135],[-74.8901461788709,38.9433396028033],[-74.8902021688669,38.9434130815743],[-74.8905664042251,38.9434829005637],[-74.8908193926279,38.9435156994497],[-74.8910911122563,38.9435599049019],[-74.8912892205247,38.9436102644158]]},"properties":{"OBJECTID":26434,"PRIMENAME":"Vigilant Street","ELEVTYP_F":0,"ELEVTYP_T":0}},{"type":"Feature","id":30232,"geometry":{"type":"LineString","coordinates":[[-74.9242506378478,38.9326097064234],[-74.924614101565,38.9324368230607]]},"properties":{"OBJECTID":30232,"PRIMENAME":"Lyle Lane","ELEVTYP_F":0,"ELEVTYP_T":0}},{"type":"Feature","id":30901,"geometry":{"type":"LineString","coordinates":[[-74.9305774863974,38.9355040425494],[-74.9305659122736,38.9356249027344]]},"properties":{"OBJECTID":30901,"PRIMENAME":"Broadway","ELEVTYP_F":0,"ELEVTYP_T":0}},{"type":"Feature","id":32546,"geometry":{"type":"LineString","coordinates":[[-74.9146530882693,38.9349663669735],[-74.9144374370766,38.9352202179966],[-74.913943306901,38.9357163087053],[-74.9138778993151,38.9357889174708],[-74.9138015879838,38.9358736266078]]},"properties":{"OBJECTID":32546,"PRIMENAME":"Swan Avenue","ELEVTYP_F":0,"ELEVTYP_T":0}},{"type":"Feature","id":42672,"geometry":{"type":"LineString","coordinates":[[-74.8907526244048,38.9462468723316],[-74.8903326235679,38.9451188728478],[-74.8900466257579,38.9443038716169],[-74.8900336248251,38.9442678721638],[-74.8897746243348,38.9436218722912],[-74.8897336258525,38.943630871048]]},"properties":{"OBJECTID":42672,"PRIMENAME":"Massachusetts Avenue","ELEVTYP_F":0,"ELEVTYP_T":0}},{"type":"Feature","id":43019,"geometry":{"type":"LineString","coordinates":[[-74.9138015879838,38.9358736266078],[-74.9137542561747,38.9359262403647],[-74.9136962302109,38.9359658771279],[-74.9135567477906,38.9360179110812],[-74.9130141767325,38.9362017998113],[-74.9122661804382,38.9364531364982],[-74.9109446420355,38.9369036138263],[-74.91017729475,38.9371610464857],[-74.9100782012018,38.9371945097482]]},"properties":{"OBJECTID":43019,"PRIMENAME":"Cape May Avenue","ELEVTYP_F":0,"ELEVTYP_T":0}},{"type":"Feature","id":43325,"geometry":{"type":"LineString","coordinates":[[-74.9167737347961,38.9351085186078],[-74.9165391595106,38.9353474217468],[-74.9164306020296,38.9354584485823],[-74.9157302807191,38.9361746946086],[-74.9155061114784,38.9364026571476],[-74.9153431935588,38.9365676061551],[-74.914934377798,38.9369815136502],[-74.9147388297468,38.9371927338767]]},"properties":{"OBJECTID":43325,"PRIMENAME":"Columbia Avenue","ELEVTYP_F":0,"ELEVTYP_T":0}},{"type":"Feature","id":43968,"geometry":{"type":"LineString","coordinates":[[-74.8971125502644,38.9372061693983],[-74.8974374233113,38.9380779172314]]},"properties":{"OBJECTID":43968,"PRIMENAME":"Brooklyn Avenue","ELEVTYP_F":0,"ELEVTYP_T":0}},{"type":"Feature","id":43997,"geometry":{"type":"LineString","coordinates":[[-74.9327233587381,38.9361387754266],[-74.9326657260643,38.9362991268045],[-74.9325312709355,38.9366384368708]]},"properties":{"OBJECTID":43997,"PRIMENAME":"Pacific Avenue","ELEVTYP_F":0,"ELEVTYP_T":0}},{"type":"Feature","id":44262,"geometry":{"type":"LineString","coordinates":[[-74.9132970612478,38.935167531603],[-74.9130723206653,38.9348554096997]]},"properties":{"OBJECTID":44262,"PRIMENAME":"Madison Avenue","ELEVTYP_F":0,"ELEVTYP_T":0}},{"type":"Feature","id":45063,"geometry":{"type":"LineString","coordinates":[[-74.9137148547106,38.9388565676903],[-74.9135487425511,38.9390706192752],[-74.912862939094,38.9399625947939],[-74.9126999248808,38.9401782539464]]},"properties":{"OBJECTID":45063,"PRIMENAME":"Michigan Avenue","ELEVTYP_F":0,"ELEVTYP_T":0}},{"type":"Feature","id":45303,"geometry":{"type":"LineString","coordinates":[[-74.9218782609564,38.931932443611],[-74.9221912299368,38.932368178606],[-74.9222711441937,38.9324757742315]]},"properties":{"OBJECTID":45303,"PRIMENAME":"Decatur Street","ELEVTYP_F":0,"ELEVTYP_T":0}},{"type":"Feature","id":45495,"geometry":{"type":"LineString","coordinates":[[-74.9038669151906,38.935098394171],[-74.9039385896545,38.9352266517853],[-74.9043277536153,38.9359345329612]]},"properties":{"OBJECTID":45495,"PRIMENAME":"Trenton Avenue","ELEVTYP_F":0,"ELEVTYP_T":0}},{"type":"Feature","id":45562,"geometry":{"type":"LineString","coordinates":[[-74.9254961091648,38.9531238735291],[-74.9253903862936,38.9534448911681],[-74.9253075021892,38.9536981964526]]},"properties":{"OBJECTID":45562,"PRIMENAME":"Seashore Road","ELEVTYP_F":0,"ELEVTYP_T":0}},{"type":"Feature","id":45871,"geometry":{"type":"LineString","coordinates":[[-74.9275356986235,38.9380746362257],[-74.9299455216663,38.9386626795314],[-74.9299996920519,38.9386787073547],[-74.9300581017684,38.9386980158158],[-74.9300998853039,38.9387238645653],[-74.9301504663579,38.9387567382929]]},"properties":{"OBJECTID":45871,"PRIMENAME":"Eldredge Avenue","ELEVTYP_F":0,"ELEVTYP_T":0}},{"type":"Feature","id":46084,"geometry":{"type":"LineString","coordinates":[[-74.9257944966018,38.9340303461973],[-74.925821509133,38.9340755749586],[-74.9258727488948,38.9341429082698],[-74.9259046909345,38.9341757419672],[-74.9259438861515,38.9342044033834],[-74.9260477719957,38.9342571017461],[-74.9261859262713,38.9343140405233],[-74.9262755360803,38.9343485580869],[-74.9263774590926,38.9343786929149],[-74.9265903752894,38.9344328870186],[-74.9268528976958,38.9344871461842],[-74.9271778384429,38.9345379638488],[-74.9276444378029,38.934614265344],[-74.9280318757535,38.9346746269939],[-74.9281568112357,38.9346904241102],[-74.9283522086296,38.9346897072429]]},"properties":{"OBJECTID":46084,"PRIMENAME":"Myrtle Avenue","ELEVTYP_F":0,"ELEVTYP_T":0}},{"type":"Feature","id":46364,"geometry":{"type":"LineString","coordinates":[[-74.8955136163647,38.939405017828],[-74.8946229213515,38.9396057888139],[-74.8935022708242,38.9398561222912],[-74.8930729870805,38.9399511303819],[-74.8917594746366,38.9402418194111],[-74.8911458957998,38.9403805112233]]},"properties":{"OBJECTID":46364,"PRIMENAME":"Maryland Avenue","ELEVTYP_F":0,"ELEVTYP_T":0}},{"type":"Feature","id":46506,"geometry":{"type":"LineString","coordinates":[[-74.9110288700136,38.9434972460352],[-74.9112879909241,38.9439690869738]]},"properties":{"OBJECTID":46506,"PRIMENAME":"Reading Avenue","ELEVTYP_F":0,"ELEVTYP_T":0}},{"type":"Feature","id":47480,"geometry":{"type":"LineString","coordinates":[[-74.9333939047161,38.9401338967673],[-74.9335529478015,38.9401599133164],[-74.9340790145014,38.9402829501698],[-74.9346256472392,38.9404283406154],[-74.9353325471159,38.9405923527226]]},"properties":{"OBJECTID":47480,"PRIMENAME":"Moore Street","ELEVTYP_F":0,"ELEVTYP_T":0}},{"type":"Feature","id":47555,"geometry":{"type":"LineString","coordinates":[[-74.8862894673601,38.9472156836081],[-74.8870552437339,38.9470444463148]]},"properties":{"OBJECTID":47555,"PRIMENAME":"Munro Avenue","ELEVTYP_F":0,"ELEVTYP_T":0}},{"type":"Feature","id":47724,"geometry":{"type":"LineString","coordinates":[[-74.9077306953394,38.9537294172649],[-74.9077246326548,38.9537318725893],[-74.9076716298051,38.9537318739591],[-74.9071006305051,38.9535188739928],[-74.9068287500555,38.9534024506213]]},"properties":{"OBJECTID":47724,"PRIMENAME":"5th Avenue","ELEVTYP_F":0,"ELEVTYP_T":0}},{"type":"Feature","id":47864,"geometry":{"type":"LineString","coordinates":[[-74.9222950251624,38.9309461838066],[-74.9219445894376,38.9304711866102],[-74.9219151407613,38.9304256567227],[-74.9218895080801,38.9303535607604]]},"properties":{"OBJECTID":47864,"PRIMENAME":"Jackson Street","ELEVTYP_F":0,"ELEVTYP_T":0}},{"type":"Feature","id":47977,"geometry":{"type":"LineString","coordinates":[[-74.9141529835739,38.9419597544564],[-74.9136367992506,38.9417364791314]]},"properties":{"OBJECTID":47977,"PRIMENAME":"Cake Street","ELEVTYP_F":0,"ELEVTYP_T":0}},{"type":"Feature","id":48218,"geometry":{"type":"LineString","coordinates":[[-74.9271758958828,38.9307739199072],[-74.9267910554516,38.9303748435729],[-74.9267781255756,38.9303524024024],[-74.9267651646105,38.9303249642124],[-74.9267553432776,38.9302875464053],[-74.926751291865,38.9301981011202]]},"properties":{"OBJECTID":48218,"PRIMENAME":"Grant Street","ELEVTYP_F":0,"ELEVTYP_T":0}},{"type":"Feature","id":48486,"geometry":{"type":"LineString","coordinates":[[-74.9088154012926,38.9394910990363],[-74.9098639342236,38.9391403176673],[-74.9105819132497,38.9388962693318],[-74.9109556299549,38.9387709512291]]},"properties":{"OBJECTID":48486,"PRIMENAME":"Virginia Avenue","ELEVTYP_F":0,"ELEVTYP_T":0}},{"type":"Feature","id":48730,"geometry":{"type":"LineString","coordinates":[[-74.8974374233113,38.9380779172314],[-74.8976465864393,38.9386392822897],[-74.8976899384011,38.9387590737821],[-74.8977115421358,38.9388123244969],[-74.8977170427444,38.9388341356466],[-74.8977160738067,38.938855611194],[-74.8977146435026,38.9388702786339],[-74.8977076974864,38.9388856243041],[-74.8977041321848,38.9388893714603]]},"properties":{"OBJECTID":48730,"PRIMENAME":"Brooklyn Avenue","ELEVTYP_F":0,"ELEVTYP_T":0}},{"type":"Feature","id":49007,"geometry":{"type":"LineString","coordinates":[[-74.9176508764847,38.9374541083206],[-74.9174813846017,38.9376529925506],[-74.9169474127561,38.9383629759728],[-74.9166787603532,38.938710325207],[-74.9165906381516,38.9388160532407]]},"properties":{"OBJECTID":49007,"PRIMENAME":"Washington Street","ELEVTYP_F":0,"ELEVTYP_T":0}},{"type":"Feature","id":49236,"geometry":{"type":"LineString","coordinates":[[-74.9119438955581,38.947582257614],[-74.9116353668275,38.9474178736471],[-74.9115986325543,38.9473318729328],[-74.9117679996777,38.9471078267642],[-74.911310307909,38.9468508308231],[-74.9112456668477,38.9468145346694]]},"properties":{"OBJECTID":49236,"PRIMENAME":"Rosemans Lane","ELEVTYP_F":0,"ELEVTYP_T":0}},{"type":"Feature","id":49745,"geometry":{"type":"LineString","coordinates":[[-74.9306796260866,38.9351136511298],[-74.9306170876597,38.9350993219881]]},"properties":{"OBJECTID":49745,"PRIMENAME":"Sunset Boulevard","ELEVTYP_F":0,"ELEVTYP_T":0}},{"type":"Feature","id":49925,"geometry":{"type":"LineString","coordinates":[[-74.930297525423,38.9319454602869],[-74.9303283709409,38.9319506941486],[-74.9308239938563,38.9319338737137],[-74.931297595417,38.9319203729723]]},"properties":{"OBJECTID":49925,"PRIMENAME":"Mt Vernon Avenue","ELEVTYP_F":0,"ELEVTYP_T":0}},{"type":"Feature","id":50166,"geometry":{"type":"LineString","coordinates":[[-74.921499383205,38.9332970216751],[-74.9212784255967,38.9334036445913],[-74.921174476039,38.9334702219785],[-74.9210868136114,38.9335444024258],[-74.9210560226831,38.9335759088371],[-74.9209669183318,38.9336670803106],[-74.9208016668701,38.933848518713],[-74.9204581176247,38.9342114408961],[-74.9199169355732,38.9347864768501],[-74.9196914448228,38.9350318344963]]},"properties":{"OBJECTID":50166,"PRIMENAME":"Washington Street","ELEVTYP_F":0,"ELEVTYP_T":0}},{"type":"Feature","id":50189,"geometry":{"type":"LineString","coordinates":[[-74.9066929236986,38.9402118871619],[-74.9068849920074,38.9405612598278],[-74.907130990221,38.9410016607363]]},"properties":{"OBJECTID":50189,"PRIMENAME":"Trenton Avenue","ELEVTYP_F":0,"ELEVTYP_T":0}},{"type":"Feature","id":50243,"geometry":{"type":"LineString","coordinates":[[-74.9102771868911,38.9482657868052],[-74.9106589862038,38.9484174161137],[-74.91094489006,38.948537391994],[-74.9111321505613,38.9486494501085],[-74.9112594204818,38.9487370057865],[-74.911316021474,38.948783540695],[-74.9113444258867,38.9488246832567],[-74.9113552924711,38.9488796168583],[-74.9113556105105,38.9489346425888],[-74.9113383904998,38.9490034323381],[-74.9113002643837,38.9491052729491],[-74.9112446800029,38.9492347164114],[-74.9111922619283,38.9493036022214],[-74.9111676732743,38.9493264790144]]},"properties":{"OBJECTID":50243,"PRIMENAME":"Wilson Drive","ELEVTYP_F":0,"ELEVTYP_T":0}},{"type":"Feature","id":50246,"geometry":{"type":"LineString","coordinates":[[-74.9115823892,38.9451538741712],[-74.9113236303504,38.9454636673038],[-74.911087260465,38.9457600084996],[-74.9110406827306,38.9458108338062]]},"properties":{"OBJECTID":50246,"PRIMENAME":"Washington Street","ELEVTYP_F":0,"ELEVTYP_T":0}},{"type":"Feature","id":50397,"geometry":{"type":"LineString","coordinates":[[-74.9285586158073,38.9338547860163],[-74.9286216821567,38.933602951256],[-74.9287198858964,38.9331904369678]]},"properties":{"OBJECTID":50397,"PRIMENAME":"Park Boulevard","ELEVTYP_F":0,"ELEVTYP_T":0}},{"type":"Feature","id":50410,"geometry":{"type":"LineString","coordinates":[[-74.9123276282167,38.9338167576039],[-74.9119962883929,38.9333503070759]]},"properties":{"OBJECTID":50410,"PRIMENAME":"Madison Avenue","ELEVTYP_F":0,"ELEVTYP_T":0}},{"type":"Feature","id":50736,"geometry":{"type":"LineString","coordinates":[[-74.9245393480726,38.9323345371251],[-74.924614101565,38.9324368230607]]},"properties":{"OBJECTID":50736,"PRIMENAME":"Perry Street","ELEVTYP_F":0,"ELEVTYP_T":0}},{"type":"Feature","id":50833,"geometry":{"type":"LineString","coordinates":[[-74.9319379943962,38.938146653794],[-74.9310731955024,38.9379303465936],[-74.9305855762502,38.9378183854224],[-74.9303771494725,38.937770388203],[-74.9303354439026,38.9377575532249],[-74.9303062001467,38.9377414057393],[-74.9302861340497,38.9377079808668]]},"properties":{"OBJECTID":50833,"PRIMENAME":"Borough Hall Alley","ELEVTYP_F":0,"ELEVTYP_T":0}},{"type":"Feature","id":50876,"geometry":{"type":"LineString","coordinates":[[-74.9399641183958,38.9449048407427],[-74.9399488201231,38.9449327685732],[-74.9399035238509,38.9450225090408],[-74.939843211012,38.9451630222665],[-74.9397340260569,38.9454350806115],[-74.9396247875247,38.9457042013137],[-74.9395117287017,38.9459583989913],[-74.9394249138175,38.9461408300773],[-74.9393190433085,38.946329292062],[-74.9392130987097,38.9465058375398],[-74.9390615614301,38.9467303040483],[-74.9389479314584,38.9469038855016],[-74.9388746647705,38.947022364824]]},"properties":{"OBJECTID":50876,"PRIMENAME":"Bayshore Road","ELEVTYP_F":0,"ELEVTYP_T":0}},{"type":"Feature","id":50950,"geometry":{"type":"LineString","coordinates":[[-74.9195249352229,38.9304774365146],[-74.919245846038,38.9304959575313],[-74.9184966261075,38.930542991317],[-74.9183159675302,38.9305551438749]]},"properties":{"OBJECTID":50950,"PRIMENAME":"Beach Avenue","ELEVTYP_F":0,"ELEVTYP_T":0}},{"type":"Feature","id":51019,"geometry":{"type":"LineString","coordinates":[[-74.9081000124826,38.9499717747646],[-74.907884917614,38.9502635693053],[-74.9077898413977,38.9503662690032],[-74.9076876287247,38.9504076372064],[-74.9075446155645,38.9504008207078],[-74.9073555337709,38.9503559734137],[-74.9071529735354,38.9502989966938],[-74.9069035989025,38.9501902738975],[-74.9062657322897,38.9498366726877],[-74.9065367521022,38.9494687169775]]},"properties":{"OBJECTID":51019,"PRIMENAME":"Schellengers Landing Road","ELEVTYP_F":0,"ELEVTYP_T":0}},{"type":"Feature","id":51345,"geometry":{"type":"LineString","coordinates":[[-74.911520671277,38.9426525624347],[-74.9116704972123,38.942726611689]]},"properties":{"OBJECTID":51345,"PRIMENAME":"West Street","ELEVTYP_F":0,"ELEVTYP_T":0}},{"type":"Feature","id":51370,"geometry":{"type":"LineString","coordinates":[[-74.9337898497764,38.9391207703534],[-74.9333190171562,38.9390077700097],[-74.9317471590701,38.9386343645333]]},"properties":{"OBJECTID":51370,"PRIMENAME":"4th Avenue","ELEVTYP_F":0,"ELEVTYP_T":0}},{"type":"Feature","id":52131,"geometry":{"type":"LineString","coordinates":[[-74.9237416896818,38.9527932849793],[-74.9236842679525,38.9529652195274],[-74.9235439857136,38.9533776332638],[-74.9235400621651,38.9534451404979],[-74.9235534400011,38.9535126398986],[-74.9235883291867,38.9535665518186],[-74.9236362041346,38.9536102566102],[-74.923692619257,38.9536472027011],[-74.9237836521399,38.953680618695],[-74.9240174406861,38.9537405357952],[-74.9245890103406,38.9538667441239],[-74.9251972892563,38.9540039082975]]},"properties":{"OBJECTID":52131,"PRIMENAME":"Cape Avenue","ELEVTYP_F":0,"ELEVTYP_T":0}},{"type":"Feature","id":52136,"geometry":{"type":"LineString","coordinates":[[-74.9366335490548,38.9376215294041],[-74.9368300213828,38.9371233520921]]},"properties":{"OBJECTID":52136,"PRIMENAME":"Columbia Avenue","ELEVTYP_F":0,"ELEVTYP_T":0}},{"type":"Feature","id":52425,"geometry":{"type":"LineString","coordinates":[[-74.907130990221,38.9410016607363],[-74.9066497744906,38.9411645749905],[-74.9049371998307,38.941744412578]]},"properties":{"OBJECTID":52425,"PRIMENAME":"Illinois Avenue","ELEVTYP_F":0,"ELEVTYP_T":0}},{"type":"Feature","id":52468,"geometry":{"type":"LineString","coordinates":[[-74.9099340600491,38.9488331054732],[-74.909854802577,38.9489555469954],[-74.9096056257922,38.9493393304791],[-74.9095876773975,38.9493672636342]]},"properties":{"OBJECTID":52468,"PRIMENAME":"State Highway 109","ELEVTYP_F":0,"ELEVTYP_T":0}},{"type":"Feature","id":52474,"geometry":{"type":"LineString","coordinates":[[-74.9323260623753,38.9300785993484],[-74.9323828722988,38.9310862291712],[-74.9324331201,38.9318813262816]]},"properties":{"OBJECTID":52474,"PRIMENAME":"1st Avenue","ELEVTYP_F":0,"ELEVTYP_T":0}},{"type":"Feature","id":52584,"geometry":{"type":"LineString","coordinates":[[-74.9084673325203,38.9434385252321],[-74.9085074114738,38.9435111499956],[-74.9088996674498,38.9442210624206]]},"properties":{"OBJECTID":52584,"PRIMENAME":"Trenton Avenue","ELEVTYP_F":0,"ELEVTYP_T":0}},{"type":"Feature","id":53269,"geometry":{"type":"LineString","coordinates":[[-74.8885425757395,38.9467397376915],[-74.8885010960774,38.9466389567699],[-74.8880846255899,38.9454348725374],[-74.8880235436381,38.9452965434864],[-74.8875936241504,38.9440798726112]]},"properties":{"OBJECTID":53269,"PRIMENAME":"Fraser Avenue","ELEVTYP_F":0,"ELEVTYP_T":0}},{"type":"Feature","id":53363,"geometry":{"type":"LineString","coordinates":[[-74.932737708479,38.9335943000381],[-74.932612644283,38.9335630493617],[-74.9322724534223,38.9334612572728],[-74.9320980802113,38.9334092920422],[-74.9319744022676,38.9333746852113],[-74.9319259016394,38.9333597075379]]},"properties":{"OBJECTID":53363,"PRIMENAME":"West Grant Street","ELEVTYP_F":0,"ELEVTYP_T":0}},{"type":"Feature","id":53374,"geometry":{"type":"LineString","coordinates":[[-74.8902266272798,38.9480708726266],[-74.8896746265997,38.9482088732934],[-74.8892025485617,38.9483020812169],[-74.8891191993755,38.9482921576763]]},"properties":{"OBJECTID":53374,"PRIMENAME":"Harbor Patrol Road","ELEVTYP_F":0,"ELEVTYP_T":0}},{"type":"Feature","id":53430,"geometry":{"type":"LineString","coordinates":[[-74.9256811408597,38.9338773684104],[-74.9256286814617,38.9338469436184],[-74.9255481994678,38.9338158795475],[-74.9254531781541,38.9337934077653],[-74.9253144216123,38.9337825183036],[-74.9251035385502,38.9337621709727]]},"properties":{"OBJECTID":53430,"PRIMENAME":"Jackson Street","ELEVTYP_F":0,"ELEVTYP_T":0}},{"type":"Feature","id":53968,"geometry":{"type":"LineString","coordinates":[[-74.9156848731197,38.9340636202509],[-74.9156260622128,38.9338236764477],[-74.9155094203547,38.9333367845652]]},"properties":{"OBJECTID":53968,"PRIMENAME":"Jefferson Street","ELEVTYP_F":0,"ELEVTYP_T":0}},{"type":"Feature","id":54139,"geometry":{"type":"LineString","coordinates":[[-74.9273328141789,38.9330860456473],[-74.9277888345529,38.9335563612323],[-74.9278628805121,38.9336335782236],[-74.927898235242,38.9336608792347],[-74.9279432188768,38.9336931979174],[-74.928004116964,38.9337179620887],[-74.92818988262,38.9337647566863],[-74.9284846050862,38.9338361106052],[-74.9285586158073,38.9338547860163]]},"properties":{"OBJECTID":54139,"PRIMENAME":"Congress Street","ELEVTYP_F":0,"ELEVTYP_T":0}},{"type":"Feature","id":54240,"geometry":{"type":"LineString","coordinates":[[-74.9330857357734,38.940099701272],[-74.9333804251274,38.940131695543],[-74.9333939047161,38.9401338967673]]},"properties":{"OBJECTID":54240,"PRIMENAME":"Moore Street","ELEVTYP_F":0,"ELEVTYP_T":0}},{"type":"Feature","id":54622,"geometry":{"type":"LineString","coordinates":[[-74.9059922189802,38.9343830839612],[-74.906450710391,38.9352171352796]]},"properties":{"OBJECTID":54622,"PRIMENAME":"Reading Avenue","ELEVTYP_F":0,"ELEVTYP_T":0}},{"type":"Feature","id":55314,"geometry":{"type":"LineString","coordinates":[[-74.9358208712653,38.9478778677205],[-74.9359579402999,38.9479239856634],[-74.936447389572,38.9481510607456],[-74.9365041332574,38.948165590353],[-74.9365392625579,38.948143880479],[-74.9365846952266,38.9480428295431],[-74.9366461884775,38.9477367530034],[-74.9366255888895,38.9475898597414],[-74.9362719612396,38.9474234944761],[-74.9358761697172,38.9472595512793],[-74.9359409893006,38.946937893839],[-74.9350604352382,38.9468061743286],[-74.9340463191821,38.9466629795877],[-74.9339234568821,38.9466733819989]]},"properties":{"OBJECTID":55314,"PRIMENAME":"Westwood Drive","ELEVTYP_F":0,"ELEVTYP_T":0}},{"type":"Feature","id":55410,"geometry":{"type":"LineString","coordinates":[[-74.9160352341128,38.9347061936912],[-74.9162701632001,38.9344677019758],[-74.9170102089363,38.9337171433148]]},"properties":{"OBJECTID":55410,"PRIMENAME":"Sewell Avenue","ELEVTYP_F":0,"ELEVTYP_T":0}},{"type":"Feature","id":56075,"geometry":{"type":"LineString","coordinates":[[-74.9058169487056,38.9386306306114],[-74.9059704134319,38.9389075938228],[-74.9062592210876,38.9394275054545]]},"properties":{"OBJECTID":56075,"PRIMENAME":"Trenton Avenue","ELEVTYP_F":0,"ELEVTYP_T":0}},{"type":"Feature","id":56279,"geometry":{"type":"LineString","coordinates":[[-74.925781974937,38.9518196503229],[-74.9257508873165,38.9520190852135],[-74.925658531007,38.9524697685211]]},"properties":{"OBJECTID":56279,"PRIMENAME":"Seashore Road","ELEVTYP_F":0,"ELEVTYP_T":0}},{"type":"Feature","id":56516,"geometry":{"type":"LineString","coordinates":[[-74.9288907781707,38.9325075186628],[-74.9288635827987,38.9324982270035],[-74.928818629437,38.9324708786602],[-74.9284099106299,38.9320501764387],[-74.9276690180881,38.9312843549127]]},"properties":{"OBJECTID":56516,"PRIMENAME":"Grant Street","ELEVTYP_F":0,"ELEVTYP_T":0}},{"type":"Feature","id":56874,"geometry":{"type":"LineString","coordinates":[[-74.9016696023425,38.9358388180567],[-74.9011562960443,38.9360116504872],[-74.8997393765433,38.9364925332474],[-74.8994760540363,38.9365815767953]]},"properties":{"OBJECTID":56874,"PRIMENAME":"New Jersey Avenue","ELEVTYP_F":0,"ELEVTYP_T":0}},{"type":"Feature","id":57061,"geometry":{"type":"LineString","coordinates":[[-74.914115561353,38.9433900931079],[-74.9133288794021,38.9430224656391]]},"properties":{"OBJECTID":57061,"PRIMENAME":"Union Street","ELEVTYP_F":0,"ELEVTYP_T":0}},{"type":"Feature","id":57157,"geometry":{"type":"LineString","coordinates":[[-74.8967329100841,38.9361643078515],[-74.8970748952078,38.9371052495352],[-74.8971125502644,38.9372061693983]]},"properties":{"OBJECTID":57157,"PRIMENAME":"Brooklyn Avenue","ELEVTYP_F":0,"ELEVTYP_T":0}},{"type":"Feature","id":57226,"geometry":{"type":"LineString","coordinates":[[-74.8862894673601,38.9472156836081],[-74.8865204722751,38.9478425202752]]},"properties":{"OBJECTID":57226,"PRIMENAME":"Danmark Avenue","ELEVTYP_F":0,"ELEVTYP_T":0}},{"type":"Feature","id":57622,"geometry":{"type":"LineString","coordinates":[[-74.9109556299549,38.9387709512291],[-74.9121186367963,38.9383808109155],[-74.9131640628034,38.93802721006],[-74.9137749670628,38.937820507155],[-74.9146718100071,38.9375172303097]]},"properties":{"OBJECTID":57622,"PRIMENAME":"Virginia Avenue","ELEVTYP_F":0,"ELEVTYP_T":0}},{"type":"Feature","id":57712,"geometry":{"type":"LineString","coordinates":[[-74.9040708941725,38.9401658565083],[-74.90407100123,38.9401660209969],[-74.9044965288009,38.9409445077752]]},"properties":{"OBJECTID":57712,"PRIMENAME":"Pittsburg Avenue","ELEVTYP_F":0,"ELEVTYP_T":0}},{"type":"Feature","id":57864,"geometry":{"type":"LineString","coordinates":[[-74.8899556266828,38.9473538729749],[-74.8888796248083,38.9475818730452]]},"properties":{"OBJECTID":57864,"PRIMENAME":"Delaware Avenue","ELEVTYP_F":0,"ELEVTYP_T":0}},{"type":"Feature","id":58169,"geometry":{"type":"LineString","coordinates":[[-74.9052635491803,38.9544906310396],[-74.9052014148148,38.9545578731395],[-74.9050335418169,38.9547515442355],[-74.9048944838882,38.954935421788]]},"properties":{"OBJECTID":58169,"PRIMENAME":"State Highway 109","ELEVTYP_F":0,"ELEVTYP_T":0}},{"type":"Feature","id":58598,"geometry":{"type":"LineString","coordinates":[[-74.9233114026859,38.9351202227395],[-74.9231268632343,38.9352975047425],[-74.922744456782,38.935658450149],[-74.9224555098921,38.9359311752902],[-74.9222444755342,38.9361303618354],[-74.9216978564384,38.9366838433794],[-74.9216668395649,38.9367180857951],[-74.9216419578244,38.9367376993327],[-74.9216076471081,38.9367500147396],[-74.9216029767007,38.9367505946523]]},"properties":{"OBJECTID":58598,"PRIMENAME":"Broad Street","ELEVTYP_F":0,"ELEVTYP_T":0}},{"type":"Feature","id":58649,"geometry":{"type":"LineString","coordinates":[[-74.9112879909241,38.9439690869738],[-74.9111121739097,38.9441864915425],[-74.9108652484351,38.9444842172253],[-74.9108023230002,38.9445600864986],[-74.9106796737782,38.9447079687665]]},"properties":{"OBJECTID":58649,"PRIMENAME":"Massachusetts Avenue","ELEVTYP_F":0,"ELEVTYP_T":0}},{"type":"Feature","id":59227,"geometry":{"type":"LineString","coordinates":[[-74.9175744338403,38.9322669323107],[-74.91768080937,38.9324099685847],[-74.9179442785467,38.9327775195894]]},"properties":{"OBJECTID":59227,"PRIMENAME":"Howard Street","ELEVTYP_F":0,"ELEVTYP_T":0}},{"type":"Feature","id":59396,"geometry":{"type":"LineString","coordinates":[[-74.9333939047161,38.9401338967673],[-74.9334492047186,38.9399711917148],[-74.9335500006918,38.9396759673306],[-74.9335725830561,38.9396236987893]]},"properties":{"OBJECTID":59396,"PRIMENAME":"Atlantic Avenue","ELEVTYP_F":0,"ELEVTYP_T":0}},{"type":"Feature","id":59577,"geometry":{"type":"LineString","coordinates":[[-74.9246319869446,38.9302656618189],[-74.9241958747717,38.930279960504],[-74.9231224691186,38.9303157353186]]},"properties":{"OBJECTID":59577,"PRIMENAME":"Beach Avenue","ELEVTYP_F":0,"ELEVTYP_T":0}},{"type":"Feature","id":59832,"geometry":{"type":"LineString","coordinates":[[-74.9079430226165,38.9379180562549],[-74.9083814162289,38.9387096368541]]},"properties":{"OBJECTID":59832,"PRIMENAME":"Reading Avenue","ELEVTYP_F":0,"ELEVTYP_T":0}},{"type":"Feature","id":61126,"geometry":{"type":"LineString","coordinates":[[-74.9033173304113,38.9341156289278],[-74.9034338544801,38.9343231977361],[-74.9038669151906,38.935098394171]]},"properties":{"OBJECTID":61126,"PRIMENAME":"Trenton Avenue","ELEVTYP_F":0,"ELEVTYP_T":0}},{"type":"Feature","id":61216,"geometry":{"type":"LineString","coordinates":[[-74.9118477957366,38.9403959904996],[-74.9116783525938,38.9400904519364],[-74.9113918304512,38.9395655486712]]},"properties":{"OBJECTID":61216,"PRIMENAME":"Philadelphia Avenue","ELEVTYP_F":0,"ELEVTYP_T":0}},{"type":"Feature","id":61434,"geometry":{"type":"LineString","coordinates":[[-74.9279909592384,38.9422087208583],[-74.9286036303499,38.9411869915025]]},"properties":{"OBJECTID":61434,"PRIMENAME":"Willow Avenue","ELEVTYP_F":0,"ELEVTYP_T":0}},{"type":"Feature","id":62207,"geometry":{"type":"LineString","coordinates":[[-74.9276690180881,38.9312843549127],[-74.9276390087551,38.9313022795736],[-74.9274439546609,38.93141879281],[-74.9269953066517,38.9316887050976]]},"properties":{"OBJECTID":62207,"PRIMENAME":"North Street","ELEVTYP_F":0,"ELEVTYP_T":0}},{"type":"Feature","id":63331,"geometry":{"type":"LineString","coordinates":[[-74.9320149595809,38.9407545473524],[-74.9326661483933,38.941094943159],[-74.9326671285529,38.9410954557239],[-74.9326949629688,38.9411100051831],[-74.9331518962328,38.9413463209812]]},"properties":{"OBJECTID":63331,"PRIMENAME":"6th Avenue","ELEVTYP_F":0,"ELEVTYP_T":0}},{"type":"Feature","id":63450,"geometry":{"type":"LineString","coordinates":[[-74.924049442818,38.931682913513],[-74.9241793835339,38.9318551554694]]},"properties":{"OBJECTID":63450,"PRIMENAME":"Perry Street","ELEVTYP_F":0,"ELEVTYP_T":0}},{"type":"Feature","id":63546,"geometry":{"type":"LineString","coordinates":[[-74.9206381720123,38.9362380326005],[-74.9204658309875,38.9364166393489],[-74.9200030940133,38.9368945466798],[-74.9199389696147,38.9369607057716]]},"properties":{"OBJECTID":63546,"PRIMENAME":"Lafayette Street","ELEVTYP_F":0,"ELEVTYP_T":0}},{"type":"Feature","id":64267,"geometry":{"type":"LineString","coordinates":[[-74.9085856809309,38.9344993010839],[-74.9084302954827,38.934218558761],[-74.9081276614617,38.9336652005834]]},"properties":{"OBJECTID":64267,"PRIMENAME":"Philadelphia Avenue","ELEVTYP_F":0,"ELEVTYP_T":0}},{"type":"Feature","id":64394,"geometry":{"type":"LineString","coordinates":[[-74.8971125502644,38.9372061693983],[-74.8957246436945,38.9375203688654],[-74.8948813946298,38.9376947034898]]},"properties":{"OBJECTID":64394,"PRIMENAME":"New Jersey Avenue","ELEVTYP_F":0,"ELEVTYP_T":0}},{"type":"Feature","id":64410,"geometry":{"type":"LineString","coordinates":[[-74.9025735587142,38.9374729778047],[-74.9026017625735,38.9375240076341],[-74.9030046478181,38.9382522476291]]},"properties":{"OBJECTID":64410,"PRIMENAME":"Pittsburg Avenue","ELEVTYP_F":0,"ELEVTYP_T":0}},{"type":"Feature","id":64736,"geometry":{"type":"LineString","coordinates":[[-74.9182841004699,38.9319466957876],[-74.9190132255789,38.9316306408145]]},"properties":{"OBJECTID":64736,"PRIMENAME":"Kearney Avenue","ELEVTYP_F":0,"ELEVTYP_T":0}},{"type":"Feature","id":65160,"geometry":{"type":"LineString","coordinates":[[-74.9097164437639,38.9411138441827],[-74.9103964757632,38.9408830000425],[-74.9118015455553,38.9404116126038],[-74.9118477957366,38.9403959904996]]},"properties":{"OBJECTID":65160,"PRIMENAME":"Pennsylvania Avenue","ELEVTYP_F":0,"ELEVTYP_T":0}},{"type":"Feature","id":65175,"geometry":{"type":"LineString","coordinates":[[-74.9068958170122,38.9360143550779],[-74.9072888755513,38.9367087581461],[-74.9073329019787,38.9367901837491]]},"properties":{"OBJECTID":65175,"PRIMENAME":"Reading Avenue","ELEVTYP_F":0,"ELEVTYP_T":0}},{"type":"Feature","id":65360,"geometry":{"type":"LineString","coordinates":[[-74.9098972392302,38.9368702275233],[-74.9114733784578,38.9363376423578],[-74.9128492032746,38.935877878155],[-74.913619532852,38.9356174516854]]},"properties":{"OBJECTID":65360,"PRIMENAME":"Cape May Avenue","ELEVTYP_F":0,"ELEVTYP_T":0}},{"type":"Feature","id":65414,"geometry":{"type":"LineString","coordinates":[[-74.9189403248037,38.9328995169877],[-74.9189702121009,38.9329601482319],[-74.9189954091204,38.9329942161105],[-74.9190236766185,38.9330184985134],[-74.9190613017441,38.9330378862175],[-74.9197234903725,38.9333588593448]]},"properties":{"OBJECTID":65414,"PRIMENAME":"Stockton Place","ELEVTYP_F":0,"ELEVTYP_T":0}},{"type":"Feature","id":65623,"geometry":{"type":"LineString","coordinates":[[-74.9202257846923,38.9352864304502],[-74.9198023309524,38.9357595003034],[-74.9194137778433,38.9361840610583],[-74.9192179923233,38.9364059982858]]},"properties":{"OBJECTID":65623,"PRIMENAME":"Osborn Street","ELEVTYP_F":0,"ELEVTYP_T":0}},{"type":"Feature","id":65693,"geometry":{"type":"LineString","coordinates":[[-74.9186807057647,38.9349156618837],[-74.9188893967622,38.934652711206]]},"properties":{"OBJECTID":65693,"PRIMENAME":"Corgie Street","ELEVTYP_F":0,"ELEVTYP_T":0}},{"type":"Feature","id":65915,"geometry":{"type":"LineString","coordinates":[[-74.9373266692429,38.9534361704027],[-74.9374098193753,38.9536278759441],[-74.9375636000835,38.9539825024143],[-74.9376800494027,38.954247672025],[-74.9377882344712,38.9545128995313],[-74.937863311282,38.954723800937],[-74.9379426454216,38.9549634906306],[-74.9380679895664,38.9553534244174],[-74.9382020553987,38.9558233673107],[-74.9383402419494,38.9562996645608],[-74.9384198752428,38.956587350011],[-74.9384869609456,38.9568303527039],[-74.9385376032632,38.9570701767169],[-74.9385592646299,38.9572525018878],[-74.9385852867408,38.9574859933939],[-74.9385969238657,38.957635335853],[-74.9386074747485,38.9577707369762],[-74.9386474582631,38.9582665965676],[-74.9386789164086,38.9587144908895],[-74.9387146335847,38.9591911725553],[-74.9388177452351,38.9605078845705]]},"properties":{"OBJECTID":65915,"PRIMENAME":"Bayshore Road","ELEVTYP_F":0,"ELEVTYP_T":0}},{"type":"Feature","id":66259,"geometry":{"type":"LineString","coordinates":[[-74.9136083015816,38.934367796557],[-74.9149563207976,38.9341710494273],[-74.9156848731197,38.9340636202509]]},"properties":{"OBJECTID":66259,"PRIMENAME":"McCullum Avenue","ELEVTYP_F":0,"ELEVTYP_T":0}},{"type":"Feature","id":66528,"geometry":{"type":"LineString","coordinates":[[-74.9180316055535,38.935718104446],[-74.9181374374603,38.9355938872414],[-74.9184102776977,38.9352563497887],[-74.9186807057647,38.9349156618837]]},"properties":{"OBJECTID":66528,"PRIMENAME":"Corgie Street","ELEVTYP_F":0,"ELEVTYP_T":0}},{"type":"Feature","id":66598,"geometry":{"type":"LineString","coordinates":[[-74.9306170876597,38.9350993219881],[-74.9306090855477,38.9351791217599]]},"properties":{"OBJECTID":66598,"PRIMENAME":"Broadway","ELEVTYP_F":0,"ELEVTYP_T":0}},{"type":"Feature","id":67548,"geometry":{"type":"LineString","coordinates":[[-74.8795189220387,38.9576955715183],[-74.8792348442083,38.9576783946985],[-74.878852299278,38.9576412222895],[-74.8784280214586,38.9575864458601],[-74.8780150604184,38.9575168317742],[-74.8777346066256,38.9574527178536],[-74.8774086703809,38.9573798812981],[-74.8770105994169,38.9572659243242],[-74.8764949295814,38.9570991041043],[-74.8755770533487,38.9567533101785],[-74.8748412831304,38.9564808441116],[-74.8745898275863,38.9563878305186],[-74.8732331893347,38.9558860014439],[-74.8726159756119,38.9556558342377],[-74.8722508821569,38.9555196844014],[-74.871947557791,38.9554172146416],[-74.8716745200556,38.955329420987],[-74.8713333860396,38.9552388777075],[-74.8709885666715,38.9551631725369],[-74.8707649636887,38.9551136065084],[-74.8705225036821,38.9550759625531],[-74.8703331014592,38.9550499565343],[-74.8700907072026,38.9550182139627],[-74.8698672437349,38.9549952808479],[-74.8696362556904,38.954972370235],[-74.8693446704068,38.9549555552363],[-74.8690493394352,38.9549417170122],[-74.8687427304052,38.954936754797],[-74.8684647926349,38.9549427576241],[-74.8684210249606,38.9549437020686],[-74.8681372056492,38.954959370083],[-74.8678420775465,38.954978038709],[-74.867482651606,38.9550146480583],[-74.8670741685709,38.9550720855352],[-74.8667337988659,38.9551351848442],[-74.8663708059387,38.9552102429419],[-74.8660721823034,38.9552880366659],[-74.8657508667479,38.9553777075228],[-74.8654296802417,38.9554791847752],[-74.8650064411136,38.9556223869685],[-74.8646323933028,38.9557506344848],[-74.8641675745213,38.9559057712142],[-74.8637216484918,38.9560490395323],[-74.8632568916568,38.9562100758315],[-74.8627807933701,38.9563681807746],[-74.8624311946722,38.9564858275948]]},"properties":{"OBJECTID":67548,"PRIMENAME":"Ocean Drive","ELEVTYP_F":0,"ELEVTYP_T":0}},{"type":"Feature","id":67851,"geometry":{"type":"LineString","coordinates":[[-74.8931566283631,38.9466300047282],[-74.8929744929179,38.946171608941],[-74.8927601663514,38.9459725166068],[-74.8924836262607,38.9458578715852]]},"properties":{"OBJECTID":67851,"PRIMENAME":"Buffalo Avenue","ELEVTYP_F":0,"ELEVTYP_T":0}},{"type":"Feature","id":67967,"geometry":{"type":"LineString","coordinates":[[-74.9093293590371,38.9450010540919],[-74.9096867292072,38.9448824152276],[-74.9103735198895,38.9446528934775],[-74.9104111874038,38.9446423541976],[-74.9104515914664,38.9446368573569],[-74.9104920399093,38.9446388573796],[-74.9105496597563,38.9446554865651],[-74.9106239534545,38.9446854755115],[-74.9106796737782,38.9447079687665]]},"properties":{"OBJECTID":67967,"PRIMENAME":"Wisconsin Avenue","ELEVTYP_F":0,"ELEVTYP_T":0}},{"type":"Feature","id":68013,"geometry":{"type":"LineString","coordinates":[[-74.9337898497764,38.9391207703534],[-74.9338939628063,38.9388798467307],[-74.933991128351,38.9386299572586]]},"properties":{"OBJECTID":68013,"PRIMENAME":"Atlantic Avenue","ELEVTYP_F":0,"ELEVTYP_T":0}},{"type":"Feature","id":68028,"geometry":{"type":"LineString","coordinates":[[-74.8994760540363,38.9365815767953],[-74.8990327832602,38.9367315068892],[-74.898711586925,38.9368390342131],[-74.8985755329265,38.9368779408107],[-74.8984242581569,38.9369109678707],[-74.8976869722344,38.9370761189818],[-74.8971125502644,38.9372061693983]]},"properties":{"OBJECTID":68028,"PRIMENAME":"New Jersey Avenue","ELEVTYP_F":0,"ELEVTYP_T":0}},{"type":"Feature","id":68759,"geometry":{"type":"LineString","coordinates":[[-74.9113918304512,38.9395655486712],[-74.9110941173052,38.9390199793649],[-74.9109556299549,38.9387709512291]]},"properties":{"OBJECTID":68759,"PRIMENAME":"Philadelphia Avenue","ELEVTYP_F":0,"ELEVTYP_T":0}},{"type":"Feature","id":70695,"geometry":{"type":"LineString","coordinates":[[-74.9163938369662,38.9324823065215],[-74.9167376827377,38.9324324225441],[-74.9171914125786,38.9323625671614],[-74.9173764136635,38.9323346391741],[-74.917463661313,38.9323152161106],[-74.9175019861533,38.9323041785065],[-74.9175744338403,38.9322669323107]]},"properties":{"OBJECTID":70695,"PRIMENAME":"Kearney Avenue","ELEVTYP_F":0,"ELEVTYP_T":0}},{"type":"Feature","id":71323,"geometry":{"type":"LineString","coordinates":[[-74.925658531007,38.9524697685211],[-74.925628668808,38.9526155170895],[-74.9255630823046,38.9528679081865],[-74.925541652206,38.9529513156719]]},"properties":{"OBJECTID":71323,"PRIMENAME":"Seashore Road","ELEVTYP_F":0,"ELEVTYP_T":0}},{"type":"Feature","id":71717,"geometry":{"type":"LineString","coordinates":[[-74.9076569209409,38.9463634142706],[-74.9075552642431,38.9464920286953],[-74.9074877041223,38.9465511904184],[-74.9073712639748,38.9466281509158],[-74.9071905711544,38.9466847425036],[-74.9069122703879,38.9467729487037]]},"properties":{"OBJECTID":71717,"PRIMENAME":"Texas Avenue","ELEVTYP_F":0,"ELEVTYP_T":0}},{"type":"Feature","id":71914,"geometry":{"type":"LineString","coordinates":[[-74.9225391162326,38.9328363771357],[-74.921499383205,38.9332970216751]]},"properties":{"OBJECTID":71914,"PRIMENAME":"Washington Street","ELEVTYP_F":0,"ELEVTYP_T":0}},{"type":"Feature","id":73212,"geometry":{"type":"LineString","coordinates":[[-74.900017183151,38.9451073405031],[-74.8997001234057,38.9442548780916]]},"properties":{"OBJECTID":73212,"PRIMENAME":"Brooklyn Avenue","ELEVTYP_F":0,"ELEVTYP_T":0}},{"type":"Feature","id":74217,"geometry":{"type":"LineString","coordinates":[[-74.9227994690336,38.9331934413481],[-74.9229262642679,38.933369389618],[-74.9230009565778,38.9334730362064],[-74.9230525897372,38.9335422647748],[-74.9230788263517,38.9335616654267],[-74.9231212050914,38.9335820507706],[-74.9231961253593,38.9336061621421]]},"properties":{"OBJECTID":74217,"PRIMENAME":"Decatur Street","ELEVTYP_F":0,"ELEVTYP_T":0}},{"type":"Feature","id":75762,"geometry":{"type":"LineString","coordinates":[[-74.9385659502726,38.9476560355107],[-74.9385374320506,38.9477353893224],[-74.9384286243517,38.9480302359867],[-74.9383410299151,38.9482622736335]]},"properties":{"OBJECTID":75762,"PRIMENAME":"Bayshore Road","ELEVTYP_F":0,"ELEVTYP_T":0}},{"type":"Feature","id":75791,"geometry":{"type":"LineString","coordinates":[[-74.9094260940025,38.9511401413223],[-74.909442123531,38.9511134779482],[-74.9094664881025,38.9510638843594],[-74.9094697514069,38.9510198844154],[-74.9094687693533,38.951017233002],[-74.9094555000928,38.9509814376089],[-74.9093989419194,38.9509486579247],[-74.9092153998431,38.9508723079743],[-74.9089259740643,38.9507523132308],[-74.9086902004457,38.9506554137536]]},"properties":{"OBJECTID":75791,"PRIMENAME":"3rd Avenue","ELEVTYP_F":0,"ELEVTYP_T":0}},{"type":"Feature","id":76327,"geometry":{"type":"LineString","coordinates":[[-74.9231395422205,38.9320887856862],[-74.9226178355748,38.9313837262146],[-74.9222950251624,38.9309461838066]]},"properties":{"OBJECTID":76327,"PRIMENAME":"Jackson Street","ELEVTYP_F":0,"ELEVTYP_T":0}},{"type":"Feature","id":76466,"geometry":{"type":"LineString","coordinates":[[-74.931297595417,38.9319203729723],[-74.9313176078192,38.9323282781092],[-74.9313226227727,38.9324829066259],[-74.9313233872949,38.9326091310806],[-74.9313165914894,38.9326595977343],[-74.9313054651893,38.9327090092527],[-74.9312851898766,38.9327802844672],[-74.9312781415187,38.9328031502787],[-74.931197372904,38.9330651623503]]},"properties":{"OBJECTID":76466,"PRIMENAME":"South Broadway","ELEVTYP_F":0,"ELEVTYP_T":0}},{"type":"Feature","id":76671,"geometry":{"type":"LineString","coordinates":[[-74.9272536328613,38.9418140694084],[-74.9278235850792,38.9408321783131]]},"properties":{"OBJECTID":76671,"PRIMENAME":"Maple Avenue","ELEVTYP_F":0,"ELEVTYP_T":0}},{"type":"Feature","id":77090,"geometry":{"type":"LineString","coordinates":[[-74.9336345949507,38.9531873335008],[-74.9312290850623,38.9528924726676]]},"properties":{"OBJECTID":77090,"PRIMENAME":"San Fernando Road","ELEVTYP_F":0,"ELEVTYP_T":0}},{"type":"Feature","id":78695,"geometry":{"type":"LineString","coordinates":[[-74.9099340600491,38.9488331054732],[-74.9111676732743,38.9493264790144]]},"properties":{"OBJECTID":78695,"PRIMENAME":"1st Avenue","ELEVTYP_F":0,"ELEVTYP_T":0}},{"type":"Feature","id":79538,"geometry":{"type":"LineString","coordinates":[[-74.8967329100841,38.9361643078515],[-74.8963044269381,38.9362618142235],[-74.8955785339075,38.9364268863251],[-74.8949092633556,38.9365769889853],[-74.8947428530299,38.9366071247429],[-74.8946710039532,38.9366221401737],[-74.8946105615325,38.9366400835673],[-74.8945652682307,38.9366698095625],[-74.8945427196464,38.9366994586649],[-74.8945412628662,38.9367030058128]]},"properties":{"OBJECTID":79538,"PRIMENAME":"Beach Avenue","ELEVTYP_F":0,"ELEVTYP_T":0}},{"type":"Feature","id":79743,"geometry":{"type":"LineString","coordinates":[[-74.9353325471159,38.9405923527226],[-74.9353804506743,38.9405949748556],[-74.9354185769457,38.9405857158429],[-74.9354397420232,38.9405740499089],[-74.9354544973908,38.9405607592928],[-74.9354724181128,38.9405416363496],[-74.935483966254,38.9405213011865],[-74.9354889292398,38.9405089398609],[-74.9356452311761,38.9401197306226]]},"properties":{"OBJECTID":79743,"PRIMENAME":"Columbia Avenue","ELEVTYP_F":0,"ELEVTYP_T":0}},{"type":"Feature","id":79832,"geometry":{"type":"LineString","coordinates":[[-74.9105847947347,38.9497588613452],[-74.9104174500165,38.9498810085859],[-74.9100251562664,38.9501736948724]]},"properties":{"OBJECTID":79832,"PRIMENAME":"Wilson Drive","ELEVTYP_F":0,"ELEVTYP_T":0}},{"type":"Feature","id":79973,"geometry":{"type":"LineString","coordinates":[[-74.931202633509,38.9300903336119],[-74.9312669589981,38.9312965989689],[-74.931297595417,38.9319203729723]]},"properties":{"OBJECTID":79973,"PRIMENAME":"South Broadway","ELEVTYP_F":0,"ELEVTYP_T":0}},{"type":"Feature","id":79976,"geometry":{"type":"LineString","coordinates":[[-74.9153392910043,38.9326359052903],[-74.9152163439315,38.9321341521527],[-74.9151630496781,38.9319171984566]]},"properties":{"OBJECTID":79976,"PRIMENAME":"Jefferson Street","ELEVTYP_F":0,"ELEVTYP_T":0}},{"type":"Feature","id":80090,"geometry":{"type":"LineString","coordinates":[[-74.9080369177344,38.942657846209],[-74.9084673325203,38.9434385252321]]},"properties":{"OBJECTID":80090,"PRIMENAME":"Trenton Avenue","ELEVTYP_F":0,"ELEVTYP_T":0}},{"type":"Feature","id":80156,"geometry":{"type":"LineString","coordinates":[[-74.9114068647965,38.9325230269813],[-74.9113311840836,38.9325612690021],[-74.9112028927186,38.9326267701908],[-74.9105152556871,38.9328598152434],[-74.9095518204956,38.9331854535984],[-74.9086941672219,38.9334752644158],[-74.9081276614617,38.9336652005834]]},"properties":{"OBJECTID":80156,"PRIMENAME":"Stockton Avenue","ELEVTYP_F":0,"ELEVTYP_T":0}},{"type":"Feature","id":80415,"geometry":{"type":"LineString","coordinates":[[-74.9323260623753,38.9300785993484],[-74.9320455549191,38.9300885619039],[-74.9314286103963,38.9300967470653],[-74.931202633509,38.9300903336119]]},"properties":{"OBJECTID":80415,"PRIMENAME":"Beach Avenue","ELEVTYP_F":0,"ELEVTYP_T":0}},{"type":"Feature","id":80427,"geometry":{"type":"LineString","coordinates":[[-74.9239544799498,38.9521562717355],[-74.9237416896818,38.9527932849793]]},"properties":{"OBJECTID":80427,"PRIMENAME":"Cape Avenue","ELEVTYP_F":0,"ELEVTYP_T":0}},{"type":"Feature","id":80582,"geometry":{"type":"LineString","coordinates":[[-74.924614101565,38.9324368230607],[-74.9249525661577,38.9329000542046]]},"properties":{"OBJECTID":80582,"PRIMENAME":"Perry Street","ELEVTYP_F":0,"ELEVTYP_T":0}},{"type":"Feature","id":80701,"geometry":{"type":"LineString","coordinates":[[-74.9238629697922,38.93425632336],[-74.9239550965263,38.9341529364229],[-74.9240605629165,38.934069793961],[-74.9242477089317,38.9339356094384],[-74.9243633895426,38.9338497927299],[-74.9244279682141,38.9337961786606],[-74.9244687597459,38.9337506688029],[-74.9245245668953,38.9336882175047]]},"properties":{"OBJECTID":80701,"PRIMENAME":"Broad Street","ELEVTYP_F":0,"ELEVTYP_T":0}},{"type":"Feature","id":80711,"geometry":{"type":"LineString","coordinates":[[-74.9079606149987,38.9518898107014],[-74.9083342703372,38.9513428202621],[-74.9083809731571,38.9512706108254],[-74.9084494342494,38.9511647606787],[-74.908569799342,38.9509191347662],[-74.9085885282592,38.9508781121275],[-74.9086902004457,38.9506554137536]]},"properties":{"OBJECTID":80711,"PRIMENAME":"Unnamed Segment","ELEVTYP_F":0,"ELEVTYP_T":0}},{"type":"Feature","id":80816,"geometry":{"type":"LineString","coordinates":[[-74.9079606149987,38.9518898107014],[-74.908521805803,38.9521147647612],[-74.9086064805227,38.9521447276135],[-74.9086593250017,38.9521555259826],[-74.9087157132393,38.9521525826883],[-74.908768435622,38.9521358950492],[-74.9087762288426,38.9521292454736]]},"properties":{"OBJECTID":80816,"PRIMENAME":"4th Avenue","ELEVTYP_F":0,"ELEVTYP_T":0}},{"type":"Feature","id":81072,"geometry":{"type":"LineString","coordinates":[[-74.9153392910043,38.9326359052903],[-74.9155229261943,38.9326086715627],[-74.9163938369662,38.9324823065215]]},"properties":{"OBJECTID":81072,"PRIMENAME":"Kearney Avenue","ELEVTYP_F":0,"ELEVTYP_T":0}},{"type":"Feature","id":81405,"geometry":{"type":"LineString","coordinates":[[-74.9176614993641,38.9330617123453],[-74.9175479167495,38.9330507235705],[-74.9174326762054,38.9330567643698],[-74.9170439437785,38.9331144438468],[-74.9165550934539,38.9331852753124]]},"properties":{"OBJECTID":81405,"PRIMENAME":"Benton Avenue","ELEVTYP_F":0,"ELEVTYP_T":0}},{"type":"Feature","id":81530,"geometry":{"type":"LineString","coordinates":[[-74.9044965288009,38.9409445077752],[-74.904790726191,38.9408483713472],[-74.9055055892201,38.940606890188],[-74.9066929236986,38.9402118871619]]},"properties":{"OBJECTID":81530,"PRIMENAME":"Virginia Avenue","ELEVTYP_F":0,"ELEVTYP_T":0}},{"type":"Feature","id":82609,"geometry":{"type":"LineString","coordinates":[[-74.9265025844694,38.9311802153004],[-74.9271758958828,38.9307739199072]]},"properties":{"OBJECTID":82609,"PRIMENAME":"South Lafayette Avenue","ELEVTYP_F":0,"ELEVTYP_T":0}},{"type":"Feature","id":82862,"geometry":{"type":"LineString","coordinates":[[-74.8924836262607,38.9458578715852],[-74.8923980762487,38.9456110957746],[-74.8924635263065,38.9453935031208],[-74.8925912993445,38.9452060276885],[-74.8922686417556,38.9442758610581]]},"properties":{"OBJECTID":82862,"PRIMENAME":"Buffalo Avenue","ELEVTYP_F":0,"ELEVTYP_T":0}},{"type":"Feature","id":82895,"geometry":{"type":"LineString","coordinates":[[-74.9275356986235,38.9380746362257],[-74.9276943384165,38.9374551115414]]},"properties":{"OBJECTID":82895,"PRIMENAME":"Park Boulevard","ELEVTYP_F":0,"ELEVTYP_T":0}},{"type":"Feature","id":83209,"geometry":{"type":"LineString","coordinates":[[-74.9300902252838,38.930098939986],[-74.9293203084287,38.9301222590088],[-74.9279540293654,38.9301627521769],[-74.926751291865,38.9301981011202]]},"properties":{"OBJECTID":83209,"PRIMENAME":"Beach Avenue","ELEVTYP_F":0,"ELEVTYP_T":0}},{"type":"Feature","id":83682,"geometry":{"type":"LineString","coordinates":[[-74.9251926356677,38.9362078688785],[-74.9251807019241,38.9362225352716],[-74.9251296226335,38.9362467475221],[-74.9245875392962,38.9364782748736],[-74.9243728754213,38.9365858419352]]},"properties":{"OBJECTID":83682,"PRIMENAME":"Venice Avenue","ELEVTYP_F":0,"ELEVTYP_T":0}},{"type":"Feature","id":83876,"geometry":{"type":"LineString","coordinates":[[-74.9040880793595,38.9449092083059],[-74.9042243351991,38.9451632951457],[-74.9042634959673,38.945236319112],[-74.9043176207883,38.9453248780697],[-74.9043652212834,38.9453665873774],[-74.9044159017003,38.9454058140089],[-74.9044602388927,38.9454302910459],[-74.9045234378756,38.9454448724125],[-74.9045897232627,38.9454520288928],[-74.9046591461555,38.9454542593155],[-74.9047379778993,38.945441684618],[-74.9048356149493,38.9454093020954],[-74.9056575681405,38.9451329336243],[-74.9059158415692,38.9450482593881],[-74.9060072398456,38.9450257548926],[-74.9060545384601,38.945020676116],[-74.9061302753943,38.9450204126145],[-74.9061815955879,38.9450260734695]]},"properties":{"OBJECTID":83876,"PRIMENAME":"Baltimore Avenue","ELEVTYP_F":0,"ELEVTYP_T":0}},{"type":"Feature","id":84038,"geometry":{"type":"LineString","coordinates":[[-74.914115561353,38.9433900931079],[-74.9136211303127,38.943983632668],[-74.9132200765292,38.9444612940719],[-74.912471236801,38.945358487742],[-74.9120374248255,38.9458716549983],[-74.9118390303753,38.9461381151342]]},"properties":{"OBJECTID":84038,"PRIMENAME":"Lafayette Street","ELEVTYP_F":0,"ELEVTYP_T":0}},{"type":"Feature","id":84291,"geometry":{"type":"LineString","coordinates":[[-74.9362394822075,38.9386290299741],[-74.9364404689771,38.9381131623606]]},"properties":{"OBJECTID":84291,"PRIMENAME":"Columbia Avenue","ELEVTYP_F":0,"ELEVTYP_T":0}},{"type":"Feature","id":84296,"geometry":{"type":"LineString","coordinates":[[-74.8740415648508,38.9443857885224],[-74.8738531629942,38.9441707958823],[-74.873625939677,38.9438116438361]]},"properties":{"OBJECTID":84296,"PRIMENAME":"Arcus Road","ELEVTYP_F":0,"ELEVTYP_T":0}},{"type":"Feature","id":84360,"geometry":{"type":"LineString","coordinates":[[-74.9036270742914,38.9393714778017],[-74.9040708941725,38.9401658565083]]},"properties":{"OBJECTID":84360,"PRIMENAME":"Pittsburg Avenue","ELEVTYP_F":0,"ELEVTYP_T":0}},{"type":"Feature","id":84458,"geometry":{"type":"LineString","coordinates":[[-74.8924836262607,38.9458578715852],[-74.8930046247671,38.9457408711904],[-74.8931283763068,38.9457162498865]]},"properties":{"OBJECTID":84458,"PRIMENAME":"Pennsylvania Avenue","ELEVTYP_F":0,"ELEVTYP_T":0}},{"type":"Feature","id":84539,"geometry":{"type":"LineString","coordinates":[[-74.931355282375,38.9396328065688],[-74.9311018868635,38.9402766571788]]},"properties":{"OBJECTID":84539,"PRIMENAME":"Pacific Avenue","ELEVTYP_F":0,"ELEVTYP_T":0}},{"type":"Feature","id":84679,"geometry":{"type":"LineString","coordinates":[[-74.9323295129672,38.9371500234577],[-74.9321357278223,38.9376430726728]]},"properties":{"OBJECTID":84679,"PRIMENAME":"Pacific Avenue","ELEVTYP_F":0,"ELEVTYP_T":0}},{"type":"Feature","id":84864,"geometry":{"type":"LineString","coordinates":[[-74.9071384048187,38.9457284880326],[-74.9071550671888,38.9457584693912],[-74.907303988663,38.9460305311798],[-74.9073666388087,38.9461332548479],[-74.9074252296366,38.9462027397719],[-74.9074876029765,38.9462570552398],[-74.9075693833623,38.9463173432354],[-74.9076360903311,38.9463548107525],[-74.9076569209409,38.9463634142706]]},"properties":{"OBJECTID":84864,"PRIMENAME":"Pittsburg Avenue","ELEVTYP_F":0,"ELEVTYP_T":0}},{"type":"Feature","id":85177,"geometry":{"type":"LineString","coordinates":[[-74.9256542199296,38.930232201102],[-74.9256150994608,38.9302334148788],[-74.9246319869446,38.9302656618189]]},"properties":{"OBJECTID":85177,"PRIMENAME":"Beach Avenue","ELEVTYP_F":0,"ELEVTYP_T":0}},{"type":"Feature","id":85403,"geometry":{"type":"LineString","coordinates":[[-74.9111676732743,38.9493264790144],[-74.9111152101193,38.9493754026036],[-74.9109188443801,38.9495135522126],[-74.9106558432298,38.9497069619017],[-74.9105847947347,38.9497588613452]]},"properties":{"OBJECTID":85403,"PRIMENAME":"Wilson Drive","ELEVTYP_F":0,"ELEVTYP_T":0}},{"type":"Feature","id":85502,"geometry":{"type":"LineString","coordinates":[[-74.8948813946298,38.9376947034898],[-74.8945778363181,38.9368885570633],[-74.894561904211,38.9368420665282],[-74.8945393842824,38.9367763538556],[-74.8945315114219,38.9367261037673],[-74.8945412628662,38.9367030058128]]},"properties":{"OBJECTID":85502,"PRIMENAME":"Wilmington Avenue","ELEVTYP_F":0,"ELEVTYP_T":0}},{"type":"Feature","id":85710,"geometry":{"type":"LineString","coordinates":[[-74.9243122478557,38.9320313171471],[-74.9244899024043,38.9322668669599],[-74.9245393480726,38.9323345371251]]},"properties":{"OBJECTID":85710,"PRIMENAME":"Perry Street","ELEVTYP_F":0,"ELEVTYP_T":0}},{"type":"Feature","id":85949,"geometry":{"type":"LineString","coordinates":[[-74.9138015879838,38.9358736266078],[-74.913619532852,38.9356174516854]]},"properties":{"OBJECTID":85949,"PRIMENAME":"Madison Avenue","ELEVTYP_F":0,"ELEVTYP_T":0}},{"type":"Feature","id":86053,"geometry":{"type":"LineString","coordinates":[[-74.8891191993755,38.9482921576763],[-74.8891126253994,38.9482728712643],[-74.8888796248083,38.9475818730452]]},"properties":{"OBJECTID":86053,"PRIMENAME":"Fraser Avenue","ELEVTYP_F":0,"ELEVTYP_T":0}},{"type":"Feature","id":86115,"geometry":{"type":"LineString","coordinates":[[-74.9341866748969,38.9381270529105],[-74.9344100736397,38.9381793261866],[-74.9357785073356,38.9385181990216],[-74.9361616476451,38.9386071612499],[-74.9362394822075,38.9386290299741]]},"properties":{"OBJECTID":86115,"PRIMENAME":"3rd Avenue","ELEVTYP_F":0,"ELEVTYP_T":0}},{"type":"Feature","id":86266,"geometry":{"type":"LineString","coordinates":[[-74.8974721823476,38.9447508907631],[-74.8985186158808,38.9445162045789],[-74.8997001234057,38.9442548780916]]},"properties":{"OBJECTID":86266,"PRIMENAME":"Pennsylvania Avenue","ELEVTYP_F":0,"ELEVTYP_T":0}},{"type":"Feature","id":86774,"geometry":{"type":"LineString","coordinates":[[-74.9178981196594,38.9345688365409],[-74.9186807057647,38.9349156618837]]},"properties":{"OBJECTID":86774,"PRIMENAME":"Pearl Street","ELEVTYP_F":0,"ELEVTYP_T":0}},{"type":"Feature","id":86780,"geometry":{"type":"LineString","coordinates":[[-74.9241793835339,38.9318551554694],[-74.9243122478557,38.9320313171471]]},"properties":{"OBJECTID":86780,"PRIMENAME":"Perry Street","ELEVTYP_F":0,"ELEVTYP_T":0}},{"type":"Feature","id":86815,"geometry":{"type":"LineString","coordinates":[[-74.9146530882693,38.9349663669735],[-74.9142396432396,38.9350267878731],[-74.9137807529352,38.9350953050812]]},"properties":{"OBJECTID":86815,"PRIMENAME":"Wenonah Avenue","ELEVTYP_F":0,"ELEVTYP_T":0}},{"type":"Feature","id":86981,"geometry":{"type":"LineString","coordinates":[[-74.9151630496781,38.9319171984566],[-74.9150115212139,38.9313003036439],[-74.9149325325146,38.9309873911701]]},"properties":{"OBJECTID":86981,"PRIMENAME":"Jefferson Street","ELEVTYP_F":0,"ELEVTYP_T":0}},{"type":"Feature","id":87470,"geometry":{"type":"LineString","coordinates":[[-74.9424650640424,38.937923939053],[-74.9424235865667,38.9379140182437],[-74.9403365282088,38.9374146132915],[-74.938431539278,38.9369597937448],[-74.9370269963856,38.9366238878902]]},"properties":{"OBJECTID":87470,"PRIMENAME":"Sunset Boulevard","ELEVTYP_F":0,"ELEVTYP_T":0}},{"type":"Feature","id":87747,"geometry":{"type":"LineString","coordinates":[[-74.899932627738,38.9374088702201],[-74.8998961154848,38.9373388192967],[-74.8998702969836,38.9372989280094],[-74.899827166772,38.9372191162789],[-74.8996159875434,38.9368333326042],[-74.8994760540363,38.9365815767953]]},"properties":{"OBJECTID":87747,"PRIMENAME":"Baltimore Avenue","ELEVTYP_F":0,"ELEVTYP_T":0}},{"type":"Feature","id":87880,"geometry":{"type":"LineString","coordinates":[[-74.8610582088436,38.9492989554521],[-74.8623375133043,38.9486298996809],[-74.8627587854915,38.9484498739044],[-74.8629911704698,38.948388667034]]},"properties":{"OBJECTID":87880,"PRIMENAME":"Unnamed Segment","ELEVTYP_F":0,"ELEVTYP_T":0}},{"type":"Feature","id":88441,"geometry":{"type":"LineString","coordinates":[[-74.9061513520458,38.9535133184998],[-74.9059738725232,38.9537240219787],[-74.9059681826254,38.9537301505555],[-74.9058585434348,38.9538482239508],[-74.9054426100136,38.9542961505002],[-74.9052635491803,38.9544906310396]]},"properties":{"OBJECTID":88441,"PRIMENAME":"State Highway 109","ELEVTYP_F":1,"ELEVTYP_T":0}},{"type":"Feature","id":90375,"geometry":{"type":"LineString","coordinates":[[-74.9345661086722,38.9300052875682],[-74.9334577997333,38.9300403540342]]},"properties":{"OBJECTID":90375,"PRIMENAME":"Beach Avenue","ELEVTYP_F":0,"ELEVTYP_T":0}},{"type":"Feature","id":90641,"geometry":{"type":"LineString","coordinates":[[-74.9336078521677,38.9326580287544],[-74.9335603847536,38.9318425748923]]},"properties":{"OBJECTID":90641,"PRIMENAME":"2nd Avenue","ELEVTYP_F":0,"ELEVTYP_T":0}},{"type":"Feature","id":90789,"geometry":{"type":"LineString","coordinates":[[-74.9339234568821,38.9466733819989],[-74.9338923059734,38.9465455267549],[-74.9338311937219,38.9464400712496],[-74.9336897492928,38.9463821350413],[-74.9323456557126,38.9464815613195],[-74.9321962842344,38.946540577271],[-74.9321595622128,38.9466576387494],[-74.9322379462103,38.9467630311708],[-74.9323764050305,38.9468029916567],[-74.9336658761992,38.9467172602825],[-74.9339234568821,38.9466733819989]]},"properties":{"OBJECTID":90789,"PRIMENAME":"Unnamed Segment","ELEVTYP_F":0,"ELEVTYP_T":0}},{"type":"Feature","id":90858,"geometry":{"type":"LineString","coordinates":[[-74.931197372904,38.9330651623503],[-74.931193752751,38.933076845599],[-74.9311640408705,38.933174734928]]},"properties":{"OBJECTID":90858,"PRIMENAME":"South Broadway","ELEVTYP_F":0,"ELEVTYP_T":0}},{"type":"Feature","id":91125,"geometry":{"type":"LineString","coordinates":[[-74.9304246800206,38.9366822495358],[-74.9304043158674,38.9368263584123],[-74.930376061375,38.9370262917506],[-74.9303745513737,38.9370381050196]]},"properties":{"OBJECTID":91125,"PRIMENAME":"Broadway","ELEVTYP_F":0,"ELEVTYP_T":0}},{"type":"Feature","id":91139,"geometry":{"type":"LineString","coordinates":[[-74.8812956236957,38.9483308729632],[-74.8826146222083,38.9480358722104],[-74.8840486239525,38.9477148728001],[-74.8846966242566,38.9475698717739]]},"properties":{"OBJECTID":91139,"PRIMENAME":"Munro Avenue","ELEVTYP_F":0,"ELEVTYP_T":0}},{"type":"Feature","id":91233,"geometry":{"type":"LineString","coordinates":[[-74.9425145694498,38.9390614412787],[-74.9421248326718,38.9389649179774],[-74.9414133228318,38.938794375435],[-74.9404256874489,38.9385569649992],[-74.940144408295,38.9384926471716]]},"properties":{"OBJECTID":91233,"PRIMENAME":"2nd Avenue","ELEVTYP_F":0,"ELEVTYP_T":0}},{"type":"Feature","id":94189,"geometry":{"type":"LineString","coordinates":[[-74.9236396640974,38.932774452341],[-74.9235031151806,38.9328564730172],[-74.9231171519645,38.9330478311541],[-74.9227994690336,38.9331934413481]]},"properties":{"OBJECTID":94189,"PRIMENAME":"East Lyle Lane","ELEVTYP_F":0,"ELEVTYP_T":0}},{"type":"Feature","id":94873,"geometry":{"type":"LineString","coordinates":[[-74.9299134036022,38.9422312972737],[-74.9320561970036,38.9433899835794]]},"properties":{"OBJECTID":94873,"PRIMENAME":"Unnamed Segment","ELEVTYP_F":0,"ELEVTYP_T":0}},{"type":"Feature","id":95989,"geometry":{"type":"LineString","coordinates":[[-74.9165550934539,38.9331852753124],[-74.9165100094498,38.9329784809296],[-74.9163938369662,38.9324823065215]]},"properties":{"OBJECTID":95989,"PRIMENAME":"Franklin Street","ELEVTYP_F":0,"ELEVTYP_T":0}},{"type":"Feature","id":96297,"geometry":{"type":"LineString","coordinates":[[-74.9272681783379,38.939199412904],[-74.927439781185,38.9384719008147]]},"properties":{"OBJECTID":96297,"PRIMENAME":"Park Boulevard","ELEVTYP_F":0,"ELEVTYP_T":0}},{"type":"Feature","id":97138,"geometry":{"type":"LineString","coordinates":[[-74.9317471590701,38.9386343645333],[-74.9314057692974,38.9385532512467],[-74.9302110852205,38.9382688516179]]},"properties":{"OBJECTID":97138,"PRIMENAME":"4th Avenue","ELEVTYP_F":0,"ELEVTYP_T":0}},{"type":"Feature","id":97476,"geometry":{"type":"LineString","coordinates":[[-74.9179442785467,38.9327775195894],[-74.9184170604092,38.9334369740613]]},"properties":{"OBJECTID":97476,"PRIMENAME":"Howard Street","ELEVTYP_F":0,"ELEVTYP_T":0}},{"type":"Feature","id":98013,"geometry":{"type":"LineString","coordinates":[[-74.9265025844694,38.9311802153004],[-74.9259480274207,38.9306002549953],[-74.9257260319751,38.9303837305917],[-74.9256906542341,38.9303463779684],[-74.9256744954877,38.9303189513178],[-74.9256647183774,38.9302890294044],[-74.9256542199296,38.930232201102]]},"properties":{"OBJECTID":98013,"PRIMENAME":"Windsor Avenue","ELEVTYP_F":0,"ELEVTYP_T":0}},{"type":"Feature","id":98411,"geometry":{"type":"LineString","coordinates":[[-74.9332222878728,38.955645689693],[-74.9319572155496,38.9551509262687],[-74.9309138734328,38.9547428660767],[-74.9308149965643,38.9547041938211],[-74.9307161724538,38.9547016667799],[-74.9305770631842,38.9546824483723],[-74.9304504667896,38.9546434483531],[-74.9303238728564,38.9546044508896],[-74.928531603048,38.9538908109054],[-74.9268526221099,38.9532222389924],[-74.9266952042904,38.9531871690786],[-74.9264740617291,38.9531378999227],[-74.925541652206,38.9529513156719]]},"properties":{"OBJECTID":98411,"PRIMENAME":"Unnamed Segment","ELEVTYP_F":0,"ELEVTYP_T":0}},{"type":"Feature","id":98521,"geometry":{"type":"LineString","coordinates":[[-74.9196228388152,38.9367174888206],[-74.9192610045958,38.9370533721948]]},"properties":{"OBJECTID":98521,"PRIMENAME":"Dale Place","ELEVTYP_F":0,"ELEVTYP_T":0}},{"type":"Feature","id":98792,"geometry":{"type":"LineString","coordinates":[[-74.9106796737782,38.9447079687665],[-74.9108247367574,38.944766467011],[-74.9115823892,38.9451538741712]]},"properties":{"OBJECTID":98792,"PRIMENAME":"East Street","ELEVTYP_F":0,"ELEVTYP_T":0}},{"type":"Feature","id":99217,"geometry":{"type":"LineString","coordinates":[[-74.9009112407079,38.9561806071769],[-74.9004769599308,38.9561119385751],[-74.8997305722523,38.9559933224824],[-74.8988516162555,38.9558515132518],[-74.8980219280183,38.9557213370588],[-74.8972907370221,38.9556085578013],[-74.8965897916528,38.9554956982111],[-74.8958207368417,38.9553712036851],[-74.8951539393053,38.9552641230311],[-74.8946804042244,38.9551918343306],[-74.8943924797361,38.9551514280664],[-74.8941690440202,38.9551285134768],[-74.8939948035379,38.9551113907384],[-74.8937638392684,38.9550944321016],[-74.893476080359,38.9550835958094],[-74.8932527584038,38.9550813828293],[-74.8929877493901,38.9550763720648],[-74.8926660798185,38.9550892615045],[-74.8922801207801,38.9551142008606],[-74.8919320852332,38.9551478536157],[-74.8915651750884,38.955196423972],[-74.8912475140304,38.9552477108688],[-74.8908542345083,38.9553229195683],[-74.8903741955038,38.9554427344656],[-74.8902580689264,38.9554718172708],[-74.8896588589359,38.9556218761048]]},"properties":{"OBJECTID":99217,"PRIMENAME":"Ocean Drive","ELEVTYP_F":0,"ELEVTYP_T":0}},{"type":"Feature","id":99759,"geometry":{"type":"LineString","coordinates":[[-74.9299134036022,38.9422312972737],[-74.9298420153532,38.9423548080884],[-74.9294778227325,38.9430016438772]]},"properties":{"OBJECTID":99759,"PRIMENAME":"Broadway","ELEVTYP_F":0,"ELEVTYP_T":0}},{"type":"Feature","id":99822,"geometry":{"type":"LineString","coordinates":[[-74.927895781369,38.9454670252627],[-74.9278089849471,38.945563722857],[-74.9277343541862,38.9456429394916]]},"properties":{"OBJECTID":99822,"PRIMENAME":"Stimpson Lane","ELEVTYP_F":0,"ELEVTYP_T":0}},{"type":"Feature","id":99992,"geometry":{"type":"LineString","coordinates":[[-74.9272681783379,38.939199412904],[-74.9273594240601,38.9392495744134],[-74.9275419147466,38.9393498990206],[-74.9289542304903,38.9401284676306],[-74.9296738974445,38.9405229257353],[-74.9301807106571,38.9407945737536],[-74.9302289403152,38.9408318856727],[-74.9302530557427,38.940850542073],[-74.9302787436418,38.9408656045092],[-74.9302869165148,38.9408682932049]]},"properties":{"OBJECTID":99992,"PRIMENAME":"Leaming Avenue","ELEVTYP_F":0,"ELEVTYP_T":0}},{"type":"Feature","id":100205,"geometry":{"type":"LineString","coordinates":[[-74.8997001234057,38.9442548780916],[-74.9002151952821,38.9441409440875],[-74.9008620534614,38.943996324809],[-74.901230039927,38.9439132885148],[-74.9016444413542,38.9438119145102],[-74.9021129755546,38.9436770447079],[-74.9025078302862,38.9435454477414],[-74.9028949810247,38.9434199442887],[-74.9031958423147,38.9433185170074]]},"properties":{"OBJECTID":100205,"PRIMENAME":"Pennsylvania Avenue","ELEVTYP_F":0,"ELEVTYP_T":0}},{"type":"Feature","id":100258,"geometry":{"type":"LineString","coordinates":[[-74.9114068647965,38.9325230269813],[-74.9107629754267,38.931624652201]]},"properties":{"OBJECTID":100258,"PRIMENAME":"Madison Avenue","ELEVTYP_F":0,"ELEVTYP_T":0}},{"type":"Feature","id":100719,"geometry":{"type":"LineString","coordinates":[[-74.9368300213828,38.9371233520921],[-74.9370269963856,38.9366238878902]]},"properties":{"OBJECTID":100719,"PRIMENAME":"Columbia Avenue","ELEVTYP_F":0,"ELEVTYP_T":0}},{"type":"Feature","id":101428,"geometry":{"type":"LineString","coordinates":[[-74.9087762288426,38.9521292454736],[-74.9088104636023,38.9521000248246],[-74.9088453192501,38.9520338925235],[-74.9093758729607,38.9512236811241],[-74.9094260940025,38.9511401413223]]},"properties":{"OBJECTID":101428,"PRIMENAME":"Wissahickon Avenue","ELEVTYP_F":0,"ELEVTYP_T":0}},{"type":"Feature","id":101889,"geometry":{"type":"LineString","coordinates":[[-74.9329469700314,38.9448379797477],[-74.9333123949396,38.9450434541468]]},"properties":{"OBJECTID":101889,"PRIMENAME":"Unnamed Segment","ELEVTYP_F":0,"ELEVTYP_T":0}},{"type":"Feature","id":102756,"geometry":{"type":"LineString","coordinates":[[-74.9305659122736,38.9356249027344],[-74.9305569165818,38.9357185696504],[-74.9305127074388,38.9360299481813],[-74.9304968042746,38.9361500558729]]},"properties":{"OBJECTID":102756,"PRIMENAME":"Broadway","ELEVTYP_F":0,"ELEVTYP_T":0}},{"type":"Feature","id":103215,"geometry":{"type":"LineString","coordinates":[[-74.8588857061564,38.9510165123179],[-74.8601570028056,38.9499794045054],[-74.8610582088436,38.9492989554521]]},"properties":{"OBJECTID":103215,"PRIMENAME":"Unnamed Segment","ELEVTYP_F":0,"ELEVTYP_T":0}},{"type":"Feature","id":103787,"geometry":{"type":"LineString","coordinates":[[-74.9231224691186,38.9303157353186],[-74.9231289663363,38.930385677021],[-74.9231388070131,38.9304206510029],[-74.9231549744218,38.9304555191697],[-74.9231937927231,38.9305278418149],[-74.9234163304721,38.9308367957404],[-74.9238322282738,38.9313948930774],[-74.924049442818,38.931682913513]]},"properties":{"OBJECTID":103787,"PRIMENAME":"Perry Street","ELEVTYP_F":0,"ELEVTYP_T":0}},{"type":"Feature","id":103958,"geometry":{"type":"LineString","coordinates":[[-74.9132586210985,38.9329480248264],[-74.9137567022936,38.9328741547225],[-74.9148632023509,38.9327065464321],[-74.9153392910043,38.9326359052903]]},"properties":{"OBJECTID":103958,"PRIMENAME":"Kearney Avenue","ELEVTYP_F":0,"ELEVTYP_T":0}},{"type":"Feature","id":104205,"geometry":{"type":"LineString","coordinates":[[-74.9211386998976,38.9357193192898],[-74.9206381720123,38.9362380326005]]},"properties":{"OBJECTID":104205,"PRIMENAME":"Lafayette Street","ELEVTYP_F":0,"ELEVTYP_T":0}},{"type":"Feature","id":104830,"geometry":{"type":"LineString","coordinates":[[-74.8977041321848,38.9388893714603],[-74.8976892075433,38.9389051560111],[-74.8976421526177,38.9389280515846],[-74.8975970895565,38.9389426487434],[-74.8972135932769,38.9390272632799],[-74.8960035065051,38.9392945929799],[-74.8955136163647,38.939405017828]]},"properties":{"OBJECTID":104830,"PRIMENAME":"Maryland Avenue","ELEVTYP_F":0,"ELEVTYP_T":0}},{"type":"Feature","id":104955,"geometry":{"type":"LineString","coordinates":[[-74.9304968042746,38.9361500558729],[-74.9304524954999,38.9364854879549],[-74.9304447420825,38.9365406533919]]},"properties":{"OBJECTID":104955,"PRIMENAME":"Broadway","ELEVTYP_F":0,"ELEVTYP_T":0}},{"type":"Feature","id":105315,"geometry":{"type":"LineString","coordinates":[[-74.9190132255789,38.9316306408145],[-74.9193475968854,38.9321220750812],[-74.9196044295891,38.9322272522257]]},"properties":{"OBJECTID":105315,"PRIMENAME":"Guerney Avenue","ELEVTYP_F":0,"ELEVTYP_T":0}},{"type":"Feature","id":105711,"geometry":{"type":"LineString","coordinates":[[-74.8851976232955,38.9490208728784],[-74.8845646225857,38.9491778727726],[-74.8845326242102,38.9491848734494],[-74.8838376231158,38.9493458717128],[-74.883081623054,38.9494948745997],[-74.8823436232063,38.9496168731377],[-74.8819376230435,38.9495738733441],[-74.8816516227693,38.9493658739075],[-74.8815736222063,38.9491468735954],[-74.8815366226317,38.9490428738897],[-74.8814286230564,38.9486938733959],[-74.8812956236957,38.9483308729632]]},"properties":{"OBJECTID":105711,"PRIMENAME":"Harbor Patrol Road","ELEVTYP_F":0,"ELEVTYP_T":0}},{"type":"Feature","id":105733,"geometry":{"type":"LineString","coordinates":[[-74.9294778227325,38.9430016438772],[-74.9292509326139,38.9428911067598],[-74.9291256516083,38.9428265453931],[-74.9289418971911,38.9427264487006],[-74.9287342600599,38.9426133408056]]},"properties":{"OBJECTID":105733,"PRIMENAME":"Central Avenue","ELEVTYP_F":0,"ELEVTYP_T":0}},{"type":"Feature","id":106193,"geometry":{"type":"LineString","coordinates":[[-74.9102771868911,38.9482657868052],[-74.9101529148439,38.948484684213],[-74.9100426979103,38.9486652812251],[-74.9099340600491,38.9488331054732]]},"properties":{"OBJECTID":106193,"PRIMENAME":"State Highway 109","ELEVTYP_F":0,"ELEVTYP_T":0}},{"type":"Feature","id":106448,"geometry":{"type":"LineString","coordinates":[[-74.906450710391,38.9352171352796],[-74.9066600287322,38.9355978340096],[-74.9068958170122,38.9360143550779]]},"properties":{"OBJECTID":106448,"PRIMENAME":"Reading Avenue","ELEVTYP_F":0,"ELEVTYP_T":0}},{"type":"Feature","id":107012,"geometry":{"type":"LineString","coordinates":[[-74.9118531733408,38.9432703878837],[-74.9112879909241,38.9439690869738]]},"properties":{"OBJECTID":107012,"PRIMENAME":"Massachusetts Avenue","ELEVTYP_F":0,"ELEVTYP_T":0}},{"type":"Feature","id":107219,"geometry":{"type":"LineString","coordinates":[[-74.9333123949396,38.9450434541468],[-74.9325322941401,38.9459300104161]]},"properties":{"OBJECTID":107219,"PRIMENAME":"Unnamed Segment","ELEVTYP_F":0,"ELEVTYP_T":0}},{"type":"Feature","id":107759,"geometry":{"type":"LineString","coordinates":[[-74.9303520270244,38.9372088155215],[-74.9321357278223,38.9376430726728]]},"properties":{"OBJECTID":107759,"PRIMENAME":"3rd Avenue","ELEVTYP_F":0,"ELEVTYP_T":0}},{"type":"Feature","id":107794,"geometry":{"type":"LineString","coordinates":[[-74.9336704514957,38.9529544341726],[-74.9346688680537,38.9530972939359],[-74.9347038877643,38.9531021056674]]},"properties":{"OBJECTID":107794,"PRIMENAME":"Socs Lane","ELEVTYP_F":0,"ELEVTYP_T":0}},{"type":"Feature","id":108291,"geometry":{"type":"LineString","coordinates":[[-74.9059922189802,38.9343830839612],[-74.9058755821034,38.9344223432308],[-74.9046664666799,38.9348286997815],[-74.9038669151906,38.935098394171]]},"properties":{"OBJECTID":108291,"PRIMENAME":"New Jersey Avenue","ELEVTYP_F":0,"ELEVTYP_T":0}},{"type":"Feature","id":108517,"geometry":{"type":"LineString","coordinates":[[-74.9339234568821,38.9466733819989],[-74.9358208712653,38.9478778677205]]},"properties":{"OBJECTID":108517,"PRIMENAME":"Westwood Drive","ELEVTYP_F":0,"ELEVTYP_T":0}},{"type":"Feature","id":108945,"geometry":{"type":"LineString","coordinates":[[-74.9325322941401,38.9459300104161],[-74.9324902371262,38.9459270186257],[-74.9321564243594,38.9458400501113],[-74.9321161491927,38.9458181549711]]},"properties":{"OBJECTID":108945,"PRIMENAME":"Unnamed Segment","ELEVTYP_F":0,"ELEVTYP_T":0}},{"type":"Feature","id":109483,"geometry":{"type":"LineString","coordinates":[[-74.9258495686446,38.9315661136166],[-74.9261314111009,38.9318486774237],[-74.9263515035935,38.932075231029]]},"properties":{"OBJECTID":109483,"PRIMENAME":"Congress Street","ELEVTYP_F":0,"ELEVTYP_T":0}},{"type":"Feature","id":110075,"geometry":{"type":"LineString","coordinates":[[-74.926876294123,38.9543194008005],[-74.9273255179947,38.9544847876104],[-74.9277111329699,38.9546217924586],[-74.9283491401998,38.9548524385244],[-74.9284213923361,38.9548848766087],[-74.928503902096,38.9549448173986],[-74.9285566960029,38.9550103589332],[-74.9286048034953,38.9550979393505],[-74.928622654065,38.9551890361461],[-74.9286182095195,38.9552742285549],[-74.9286019084916,38.9553528476345],[-74.928550504203,38.9554420294534],[-74.9284732921382,38.9555204595572],[-74.9283698823345,38.9555816323636],[-74.9282447245775,38.9556226198738],[-74.9281323789726,38.9556365144205],[-74.928045869966,38.9556368317282],[-74.9279883728136,38.9556312491112],[-74.9279289959524,38.9556169962061],[-74.9277384770312,38.9555670613612],[-74.9271579893986,38.9553936173572],[-74.9268750404044,38.9553120304575],[-74.926802768406,38.9552821995009],[-74.9267422674011,38.9552562532416],[-74.9266942560543,38.9552197436655],[-74.9266507131397,38.9551658922569],[-74.9266287422376,38.9551085846282],[-74.9266237959402,38.9550695014686],[-74.9266326018542,38.9550308905423],[-74.9266516325645,38.954955557123],[-74.9267175308444,38.9547672259395],[-74.926876294123,38.9543194008005]]},"properties":{"OBJECTID":110075,"PRIMENAME":"Strawberry Lane","ELEVTYP_F":0,"ELEVTYP_T":0}},{"type":"Feature","id":110377,"geometry":{"type":"LineString","coordinates":[[-74.9011195789268,38.9348485749329],[-74.8999443290109,38.9352441125263],[-74.8992264608758,38.9354890023782],[-74.8989246384981,38.9355896264278]]},"properties":{"OBJECTID":110377,"PRIMENAME":"Beach Avenue","ELEVTYP_F":0,"ELEVTYP_T":0}},{"type":"Feature","id":110460,"geometry":{"type":"LineString","coordinates":[[-74.9252999318002,38.937875037038],[-74.9253970844549,38.9380094927893],[-74.9254422075729,38.9380770422178],[-74.9254770814847,38.9381292502382],[-74.9255346645311,38.938186922118],[-74.9256057905245,38.9382576711636],[-74.9256802142116,38.9383152545387],[-74.9257681854819,38.9383806971866],[-74.9258965806343,38.9384564811078],[-74.9260519691943,38.938542711044],[-74.9262378302778,38.9386445902181],[-74.926829002738,38.9389580388892],[-74.9272681783379,38.939199412904]]},"properties":{"OBJECTID":110460,"PRIMENAME":"Leaming Avenue","ELEVTYP_F":0,"ELEVTYP_T":0}},{"type":"Feature","id":110844,"geometry":{"type":"LineString","coordinates":[[-74.8952033259222,38.9385729753543],[-74.8946903733819,38.9386892953587],[-74.8941023365781,38.938821216572],[-74.8937188529318,38.9389024971815],[-74.8929458672117,38.9390800572596],[-74.8927473458245,38.9391256581068]]},"properties":{"OBJECTID":110844,"PRIMENAME":"New York Avenue","ELEVTYP_F":0,"ELEVTYP_T":0}},{"type":"Feature","id":111055,"geometry":{"type":"LineString","coordinates":[[-74.9067086608389,38.9449542829291],[-74.9088996674498,38.9442210624206]]},"properties":{"OBJECTID":111055,"PRIMENAME":"Vermont Avenue","ELEVTYP_F":0,"ELEVTYP_T":0}},{"type":"Feature","id":112406,"geometry":{"type":"LineString","coordinates":[[-74.9068958170122,38.9360143550779],[-74.9055175402672,38.9364828447847],[-74.9047674344783,38.9367331246076]]},"properties":{"OBJECTID":112406,"PRIMENAME":"Maryland Avenue","ELEVTYP_F":0,"ELEVTYP_T":0}},{"type":"Feature","id":112518,"geometry":{"type":"LineString","coordinates":[[-74.9364404689771,38.9381131623606],[-74.937300639936,38.938313869253],[-74.9372816392231,38.9383558696048],[-74.9399492976563,38.9389985821604]]},"properties":{"OBJECTID":112518,"PRIMENAME":"Goldbeaten Alley","ELEVTYP_F":0,"ELEVTYP_T":0}},{"type":"Feature","id":113193,"geometry":{"type":"LineString","coordinates":[[-74.907130990221,38.9410016607363],[-74.9071953235279,38.9411167350531],[-74.9075859385706,38.9418333856524]]},"properties":{"OBJECTID":113193,"PRIMENAME":"Trenton Avenue","ELEVTYP_F":0,"ELEVTYP_T":0}},{"type":"Feature","id":113270,"geometry":{"type":"LineString","coordinates":[[-74.940144408295,38.9384926471716],[-74.9399492976563,38.9389985821604]]},"properties":{"OBJECTID":113270,"PRIMENAME":"Morrison Avenue","ELEVTYP_F":0,"ELEVTYP_T":0}},{"type":"Feature","id":113959,"geometry":{"type":"LineString","coordinates":[[-74.9255294617006,38.9312451367348],[-74.9258495686446,38.9315661136166]]},"properties":{"OBJECTID":113959,"PRIMENAME":"Congress Street","ELEVTYP_F":0,"ELEVTYP_T":0}},{"type":"Feature","id":114597,"geometry":{"type":"LineString","coordinates":[[-74.9125349469842,38.9341086234399],[-74.9110828263646,38.9345982265133],[-74.9097031129196,38.9350640518848],[-74.9090249157316,38.9352930181801]]},"properties":{"OBJECTID":114597,"PRIMENAME":"Maryland Avenue","ELEVTYP_F":0,"ELEVTYP_T":0}},{"type":"Feature","id":114696,"geometry":{"type":"LineString","coordinates":[[-74.9360444461688,38.9391231117689],[-74.933991128351,38.9386299572586]]},"properties":{"OBJECTID":114696,"PRIMENAME":"Bough Hall Alley","ELEVTYP_F":0,"ELEVTYP_T":0}},{"type":"Feature","id":114763,"geometry":{"type":"LineString","coordinates":[[-74.9300902252838,38.930098939986],[-74.930131684407,38.9311544880845],[-74.9301677888103,38.9318413689835],[-74.9301775324429,38.9318713185579],[-74.9301936931122,38.9318987175406],[-74.9302258499232,38.931926084593],[-74.9302707278237,38.9319409114731],[-74.930297525423,38.9319454602869]]},"properties":{"OBJECTID":114763,"PRIMENAME":"Patterson Avenue","ELEVTYP_F":0,"ELEVTYP_T":0}},{"type":"Feature","id":115040,"geometry":{"type":"LineString","coordinates":[[-74.9172277053048,38.9406503432625],[-74.9172306831823,38.9406665888111],[-74.9172227626535,38.9407068706812],[-74.9172093434979,38.9407450317382],[-74.9172015281656,38.9407672462898],[-74.9172016995347,38.9407964888066],[-74.9172109422487,38.9408257268267],[-74.9172258589153,38.9408513744184],[-74.9172486870542,38.9408708155639],[-74.9172737217117,38.940883137352],[-74.9173067178925,38.9408918884522],[-74.9173464434893,38.9408970462368],[-74.9173884727168,38.9408933537352],[-74.9174281302324,38.9408808006389],[-74.9174518496321,38.9408665199082],[-74.9174722521294,38.9408442873484],[-74.9174811536162,38.9408212184734],[-74.9174855787193,38.9408025582486],[-74.9174843191114,38.9407795518409],[-74.9174773578598,38.9407556054986],[-74.9174658248008,38.940725497343],[-74.9174418304426,38.9406989759715],[-74.9174144731927,38.9406804573345],[-74.9173882625394,38.9406654759097],[-74.9173541314836,38.9406549712932],[-74.9173121197812,38.9406498225848],[-74.9172277053048,38.9406503432625]]},"properties":{"OBJECTID":115040,"PRIMENAME":"Clay Street","ELEVTYP_F":0,"ELEVTYP_T":0}},{"type":"Feature","id":115170,"geometry":{"type":"LineString","coordinates":[[-74.9089599604525,38.950302560856],[-74.9081363486068,38.9499852219954],[-74.9081000124826,38.9499717747646]]},"properties":{"OBJECTID":115170,"PRIMENAME":"Schellenger Street","ELEVTYP_F":0,"ELEVTYP_T":0}},{"type":"Feature","id":115544,"geometry":{"type":"LineString","coordinates":[[-74.8846966242566,38.9475698717739],[-74.8862894673601,38.9472156836081]]},"properties":{"OBJECTID":115544,"PRIMENAME":"Munro Avenue","ELEVTYP_F":0,"ELEVTYP_T":0}},{"type":"Feature","id":115548,"geometry":{"type":"LineString","coordinates":[[-74.9093293590371,38.9450010540919],[-74.9096663667479,38.9456149707754],[-74.9097241935583,38.9456979126099],[-74.909753033966,38.9457298003272],[-74.9098002555602,38.9457722231283]]},"properties":{"OBJECTID":115548,"PRIMENAME":"Trenton Avenue","ELEVTYP_F":0,"ELEVTYP_T":0}},{"type":"Feature","id":115654,"geometry":{"type":"LineString","coordinates":[[-74.9080369177344,38.942657846209],[-74.9087918665952,38.9424034368218],[-74.9101718539645,38.941941080903]]},"properties":{"OBJECTID":115654,"PRIMENAME":"Delaware Avenue","ELEVTYP_F":0,"ELEVTYP_T":0}},{"type":"Feature","id":116342,"geometry":{"type":"LineString","coordinates":[[-74.9171175149869,38.9316241954047],[-74.9165237126469,38.9317149794421],[-74.9157294727933,38.9318331087206],[-74.9151630496781,38.9319171984566]]},"properties":{"OBJECTID":116342,"PRIMENAME":"Stockton Avenue","ELEVTYP_F":0,"ELEVTYP_T":0}},{"type":"Feature","id":116736,"geometry":{"type":"LineString","coordinates":[[-74.8922686417556,38.9442758610581],[-74.8917507606091,38.9443756924557],[-74.89158829528,38.9438584510345],[-74.8912892205247,38.9436102644158]]},"properties":{"OBJECTID":116736,"PRIMENAME":"Chicago Avenue","ELEVTYP_F":0,"ELEVTYP_T":0}},{"type":"Feature","id":117284,"geometry":{"type":"LineString","coordinates":[[-74.940144408295,38.9384926471716],[-74.9401418693234,38.938492065775],[-74.9393180366364,38.9383036327465],[-74.9386185278896,38.9381330270519],[-74.9381142102302,38.9380178647277],[-74.9372854528253,38.9377821383442],[-74.9369372148353,38.9376968652275],[-74.9366335490548,38.9376215294041]]},"properties":{"OBJECTID":117284,"PRIMENAME":"2nd Avenue","ELEVTYP_F":0,"ELEVTYP_T":0}},{"type":"Feature","id":117918,"geometry":{"type":"LineString","coordinates":[[-74.8767645345613,38.9449719329588],[-74.8778768309576,38.944630562408]]},"properties":{"OBJECTID":117918,"PRIMENAME":"Unnamed Segment","ELEVTYP_F":0,"ELEVTYP_T":0}},{"type":"Feature","id":118254,"geometry":{"type":"LineString","coordinates":[[-74.9178981196594,38.9345688365409],[-74.9173213226433,38.9352796887936],[-74.9173120264082,38.9352951260127],[-74.9173105765212,38.9353118531539],[-74.9173148103359,38.9353263366272],[-74.9173245759634,38.9353488721229],[-74.91734559425,38.9353780410347]]},"properties":{"OBJECTID":118254,"PRIMENAME":"Page Street","ELEVTYP_F":0,"ELEVTYP_T":0}},{"type":"Feature","id":118257,"geometry":{"type":"LineString","coordinates":[[-74.9066929236986,38.9402118871619],[-74.9068156777878,38.9401710679926],[-74.9084720640942,38.9396059791073],[-74.9088154012926,38.9394910990363]]},"properties":{"OBJECTID":118257,"PRIMENAME":"Virginia Avenue","ELEVTYP_F":0,"ELEVTYP_T":0}},{"type":"Feature","id":118502,"geometry":{"type":"LineString","coordinates":[[-74.927439781185,38.9384719008147],[-74.927507701681,38.9381840241821],[-74.9275356986235,38.9380746362257]]},"properties":{"OBJECTID":118502,"PRIMENAME":"Park Boulevard","ELEVTYP_F":0,"ELEVTYP_T":0}},{"type":"Feature","id":118520,"geometry":{"type":"LineString","coordinates":[[-74.9134276666908,38.9336472092276],[-74.9128472515686,38.9337342750275],[-74.9123276282167,38.9338167576039]]},"properties":{"OBJECTID":118520,"PRIMENAME":"Benton Avenue","ELEVTYP_F":0,"ELEVTYP_T":0}},{"type":"Feature","id":119381,"geometry":{"type":"LineString","coordinates":[[-74.9279909592384,38.9422087208583],[-74.9272536328613,38.9418140694084]]},"properties":{"OBJECTID":119381,"PRIMENAME":"Central Avenue","ELEVTYP_F":0,"ELEVTYP_T":0}},{"type":"Feature","id":119936,"geometry":{"type":"LineString","coordinates":[[-74.9181216803555,38.9342933398071],[-74.9178981196594,38.9345688365409]]},"properties":{"OBJECTID":119936,"PRIMENAME":"Page Street","ELEVTYP_F":0,"ELEVTYP_T":0}},{"type":"Feature","id":120459,"geometry":{"type":"LineString","coordinates":[[-74.913619532852,38.9356174516854],[-74.913512270057,38.9354664530314],[-74.9132970612478,38.935167531603]]},"properties":{"OBJECTID":120459,"PRIMENAME":"Madison Avenue","ELEVTYP_F":0,"ELEVTYP_T":0}},{"type":"Feature","id":121129,"geometry":{"type":"LineString","coordinates":[[-74.9263515035935,38.932075231029],[-74.9268909150612,38.9326303400617],[-74.9273328141789,38.9330860456473]]},"properties":{"OBJECTID":121129,"PRIMENAME":"Congress Street","ELEVTYP_F":0,"ELEVTYP_T":0}},{"type":"Feature","id":121246,"geometry":{"type":"LineString","coordinates":[[-74.9099335764847,38.9471862263998],[-74.9096212048572,38.9470972866373],[-74.9094550897755,38.9470595924757],[-74.9094135313016,38.9470479584956],[-74.9093871240327,38.9470480511207],[-74.909356364262,38.9470561938543],[-74.9093532783796,38.9470570109546],[-74.9093383122236,38.9470776582053],[-74.9093085663587,38.9471513788211],[-74.909200684807,38.9474079173377],[-74.9091152280154,38.9476261001318],[-74.9090927518243,38.947655641825],[-74.9090514832562,38.9476822566888],[-74.9088298042459,38.9478273282247],[-74.9086006350016,38.9479724255593],[-74.9082813948651,38.9481943636397],[-74.9077591852002,38.9485259665634],[-74.9075225696589,38.9486916816433]]},"properties":{"OBJECTID":121246,"PRIMENAME":"Yacht Avenue","ELEVTYP_F":0,"ELEVTYP_T":0}},{"type":"Feature","id":121372,"geometry":{"type":"LineString","coordinates":[[-74.9066921661838,38.9463691418708],[-74.9064728321026,38.9464385241924],[-74.9060277856633,38.9465874436626],[-74.9056319069364,38.9467199073679],[-74.9056064429072,38.9467249659536],[-74.9055803979783,38.9467266762206]]},"properties":{"OBJECTID":121372,"PRIMENAME":"Harbor Cove","ELEVTYP_F":0,"ELEVTYP_T":0}},{"type":"Feature","id":121393,"geometry":{"type":"LineString","coordinates":[[-74.9329469700314,38.9448379797477],[-74.9321161491927,38.9458181549711]]},"properties":{"OBJECTID":121393,"PRIMENAME":"Unnamed Segment","ELEVTYP_F":0,"ELEVTYP_T":0}},{"type":"Feature","id":121439,"geometry":{"type":"LineString","coordinates":[[-74.9107629754267,38.931624652201],[-74.9105841096871,38.9316680070817],[-74.9102025190825,38.9317994470415],[-74.9096773991659,38.9319757358489],[-74.9091559516797,38.9321490707797],[-74.9087630007445,38.932280518825],[-74.9079960781983,38.9325433995655],[-74.9075862029696,38.9326793513019]]},"properties":{"OBJECTID":121439,"PRIMENAME":"Beach Avenue","ELEVTYP_F":0,"ELEVTYP_T":0}},{"type":"Feature","id":121479,"geometry":{"type":"LineString","coordinates":[[-74.9047674344783,38.9367331246076],[-74.9051971670439,38.9375114028457]]},"properties":{"OBJECTID":121479,"PRIMENAME":"Trenton Avenue","ELEVTYP_F":0,"ELEVTYP_T":0}},{"type":"Feature","id":121813,"geometry":{"type":"LineString","coordinates":[[-74.9315501221578,38.9391376675815],[-74.9315497495451,38.9391386139713],[-74.931355282375,38.9396328065688]]},"properties":{"OBJECTID":121813,"PRIMENAME":"Pacific Avenue","ELEVTYP_F":0,"ELEVTYP_T":0}},{"type":"Feature","id":121907,"geometry":{"type":"LineString","coordinates":[[-74.9151630496781,38.9319171984566],[-74.9148520184239,38.9319633919321],[-74.9142355006566,38.9320542720866],[-74.9130834755477,38.9322268407848]]},"properties":{"OBJECTID":121907,"PRIMENAME":"Stockton Avenue","ELEVTYP_F":0,"ELEVTYP_T":0}},{"type":"Feature","id":122112,"geometry":{"type":"LineString","coordinates":[[-74.8875936241504,38.9440798726112],[-74.8875036247131,38.9438918725204],[-74.8867966245332,38.941961872063]]},"properties":{"OBJECTID":122112,"PRIMENAME":"Fraser Avenue","ELEVTYP_F":0,"ELEVTYP_T":0}},{"type":"Feature","id":123153,"geometry":{"type":"LineString","coordinates":[[-74.9047674344783,38.9367331246076],[-74.9037540680087,38.9370712445127],[-74.9025735587142,38.9374729778047]]},"properties":{"OBJECTID":123153,"PRIMENAME":"Maryland Avenue","ELEVTYP_F":0,"ELEVTYP_T":0}},{"type":"Feature","id":123900,"geometry":{"type":"LineString","coordinates":[[-74.9184170604092,38.9334369740613],[-74.9179944773132,38.9338669790743],[-74.9177453323134,38.9341200787107]]},"properties":{"OBJECTID":123900,"PRIMENAME":"Columbia Avenue","ELEVTYP_F":0,"ELEVTYP_T":0}},{"type":"Feature","id":124110,"geometry":{"type":"LineString","coordinates":[[-74.9245245668953,38.9336882175047],[-74.9245036523497,38.9336828568108],[-74.9244122031761,38.933646175271],[-74.9243133573536,38.9335951867943],[-74.924225428531,38.9335356462329],[-74.9241520040074,38.9334617750046],[-74.9240452694681,38.9333139686692],[-74.9238324740113,38.9330547637357]]},"properties":{"OBJECTID":124110,"PRIMENAME":"Jackson Street","ELEVTYP_F":0,"ELEVTYP_T":0}},{"type":"Feature","id":125431,"geometry":{"type":"LineString","coordinates":[[-74.9054477275654,38.9333973723166],[-74.9048109593494,38.9336100528008],[-74.9039306209877,38.9339087214322],[-74.9033173304113,38.9341156289278]]},"properties":{"OBJECTID":125431,"PRIMENAME":"Beach Avenue","ELEVTYP_F":0,"ELEVTYP_T":0}},{"type":"Feature","id":126831,"geometry":{"type":"LineString","coordinates":[[-74.932219855438,38.9444552288592],[-74.9325767552071,38.9446410468651]]},"properties":{"OBJECTID":126831,"PRIMENAME":"Unnamed Segment","ELEVTYP_F":0,"ELEVTYP_T":0}},{"type":"Feature","id":128736,"geometry":{"type":"LineString","coordinates":[[-74.9204021198241,38.9316994833812],[-74.9207858048959,38.9322291499275],[-74.9208990480029,38.9323613939956]]},"properties":{"OBJECTID":128736,"PRIMENAME":"Ocean Street","ELEVTYP_F":0,"ELEVTYP_T":0}},{"type":"Feature","id":129237,"geometry":{"type":"LineString","coordinates":[[-74.9261626995067,38.9493870291287],[-74.9253617133909,38.9493127105413],[-74.9247133022131,38.9492489570814],[-74.9245007827293,38.9492280598244]]},"properties":{"OBJECTID":129237,"PRIMENAME":"Wilson Street","ELEVTYP_F":0,"ELEVTYP_T":0}},{"type":"Feature","id":129300,"geometry":{"type":"LineString","coordinates":[[-74.9306090855477,38.9351791217599],[-74.9306003427339,38.935266331217],[-74.9305774863974,38.9355040425494]]},"properties":{"OBJECTID":129300,"PRIMENAME":"Broadway","ELEVTYP_F":0,"ELEVTYP_T":0}},{"type":"Feature","id":129654,"geometry":{"type":"LineString","coordinates":[[-74.9169385895079,38.9400562951382],[-74.9169234210972,38.9400719181494],[-74.9167145760803,38.9402882411505]]},"properties":{"OBJECTID":129654,"PRIMENAME":"Lafayette Street","ELEVTYP_F":0,"ELEVTYP_T":0}},{"type":"Feature","id":131500,"geometry":{"type":"LineString","coordinates":[[-74.9125349469842,38.9341086234399],[-74.9123276282167,38.9338167576039]]},"properties":{"OBJECTID":131500,"PRIMENAME":"Madison Avenue","ELEVTYP_F":0,"ELEVTYP_T":0}},{"type":"Feature","id":132533,"geometry":{"type":"LineString","coordinates":[[-74.9336704514957,38.9529544341726],[-74.9336345949507,38.9531873335008]]},"properties":{"OBJECTID":132533,"PRIMENAME":"Shunpike Road","ELEVTYP_F":0,"ELEVTYP_T":0}},{"type":"Feature","id":132781,"geometry":{"type":"LineString","coordinates":[[-74.9069122703879,38.9467729487037],[-74.9069227025309,38.946691003526],[-74.9067638803552,38.946403132202],[-74.9066921661838,38.9463691418708]]},"properties":{"OBJECTID":132781,"PRIMENAME":"Unnamed Segment","ELEVTYP_F":0,"ELEVTYP_T":0}},{"type":"Feature","id":133330,"geometry":{"type":"LineString","coordinates":[[-74.9260695923713,38.9499814888238],[-74.9258882068902,38.9511377148223],[-74.9258851255771,38.9511574145321]]},"properties":{"OBJECTID":133330,"PRIMENAME":"Seashore Road","ELEVTYP_F":0,"ELEVTYP_T":0}},{"type":"Feature","id":133703,"geometry":{"type":"LineString","coordinates":[[-74.8751259469022,38.9447505103207],[-74.8751824910819,38.9446646207112],[-74.8767645345613,38.9449719329588]]},"properties":{"OBJECTID":133703,"PRIMENAME":"Unnamed Segment","ELEVTYP_F":0,"ELEVTYP_T":0}},{"type":"Feature","id":134483,"geometry":{"type":"LineString","coordinates":[[-74.9016696023425,38.9358388180567],[-74.9018768859832,38.9362120632504],[-74.9021307510167,38.9366715050432]]},"properties":{"OBJECTID":134483,"PRIMENAME":"Pittsburg Avenue","ELEVTYP_F":0,"ELEVTYP_T":0}},{"type":"Feature","id":135605,"geometry":{"type":"LineString","coordinates":[[-74.9334577997333,38.9300403540342],[-74.9329765942061,38.9300555394157],[-74.9323260623753,38.9300785993484]]},"properties":{"OBJECTID":135605,"PRIMENAME":"Beach Avenue","ELEVTYP_F":0,"ELEVTYP_T":0}},{"type":"Feature","id":138146,"geometry":{"type":"LineString","coordinates":[[-74.9149325325146,38.9309873911701],[-74.9140294236763,38.9311177314598],[-74.9132843677848,38.9312297662431],[-74.9129515545626,38.9312841315051],[-74.9128540091171,38.9312979040241]]},"properties":{"OBJECTID":138146,"PRIMENAME":"Beach Avenue","ELEVTYP_F":0,"ELEVTYP_T":0}},{"type":"Feature","id":139438,"geometry":{"type":"LineString","coordinates":[[-74.921399871217,38.9312618479708],[-74.9204021198241,38.9316994833812]]},"properties":{"OBJECTID":139438,"PRIMENAME":"Columbia Avenue","ELEVTYP_F":0,"ELEVTYP_T":0}},{"type":"Feature","id":146517,"geometry":{"type":"LineString","coordinates":[[-74.9304447420825,38.9365406533919],[-74.9303341392002,38.93651092079],[-74.9280748770645,38.9359035427559]]},"properties":{"OBJECTID":146517,"PRIMENAME":"York Avenue","ELEVTYP_F":0,"ELEVTYP_T":0}},{"type":"Feature","id":146538,"geometry":{"type":"LineString","coordinates":[[-74.880999816965,38.9483842100656],[-74.881070623135,38.9483808736176],[-74.8812956236957,38.9483308729632]]},"properties":{"OBJECTID":146538,"PRIMENAME":"Arcus Road","ELEVTYP_F":0,"ELEVTYP_T":0}},{"type":"Feature","id":146750,"geometry":{"type":"LineString","coordinates":[[-74.9202257846923,38.9352864304502],[-74.9198691668637,38.9351160150322],[-74.9196914448228,38.9350318344963]]},"properties":{"OBJECTID":146750,"PRIMENAME":"Franklin Street","ELEVTYP_F":0,"ELEVTYP_T":0}},{"type":"Feature","id":146828,"geometry":{"type":"LineString","coordinates":[[-74.9081000124826,38.9499717747646],[-74.9077782437263,38.9498526911006],[-74.907771411003,38.9498501628118],[-74.9076211905757,38.9497945661334],[-74.9073178115037,38.949699409799],[-74.9068522519506,38.9495662951735],[-74.9065948029982,38.9494901986727],[-74.9065367521022,38.9494687169775]]},"properties":{"OBJECTID":146828,"PRIMENAME":"Schellenger Street","ELEVTYP_F":0,"ELEVTYP_T":0}},{"type":"Feature","id":147193,"geometry":{"type":"LineString","coordinates":[[-74.9333123949396,38.9450434541468],[-74.9338565136885,38.9453494020215],[-74.9344943462172,38.9457360910946],[-74.9346820992633,38.9458499149273],[-74.9349276016619,38.9459210680555],[-74.9352643386138,38.9461183128478],[-74.9349357166622,38.9464172892649],[-74.9345082713868,38.9463513900283],[-74.9343096663238,38.9462965492246],[-74.9340594644539,38.9462274608538],[-74.9335261169096,38.9461922732255],[-74.9331898181153,38.9460664813723],[-74.9330621209724,38.9459677047548],[-74.9326908403946,38.9459412917222],[-74.9325322941401,38.9459300104161]]},"properties":{"OBJECTID":147193,"PRIMENAME":"Unnamed Segment","ELEVTYP_F":0,"ELEVTYP_T":0}},{"type":"Feature","id":147255,"geometry":{"type":"LineString","coordinates":[[-74.9301504663579,38.9387567382929],[-74.9301476214422,38.9387862666709],[-74.9301444273436,38.938950069149],[-74.9301454168969,38.9391138562055],[-74.9301591714081,38.9393070861812],[-74.9301628428868,38.9393504017733]]},"properties":{"OBJECTID":147255,"PRIMENAME":"Broadway","ELEVTYP_F":0,"ELEVTYP_T":0}},{"type":"Feature","id":147283,"geometry":{"type":"LineString","coordinates":[[-74.9321576426314,38.9354554496564],[-74.9322104662331,38.9352788051577],[-74.9323746531879,38.9347409154516]]},"properties":{"OBJECTID":147283,"PRIMENAME":"1st Avenue","ELEVTYP_F":0,"ELEVTYP_T":0}},{"type":"Feature","id":147554,"geometry":{"type":"LineString","coordinates":[[-74.9278340932144,38.9369054552064],[-74.9303745513737,38.9370381050196]]},"properties":{"OBJECTID":147554,"PRIMENAME":"Pearl Avenue","ELEVTYP_F":0,"ELEVTYP_T":0}},{"type":"Feature","id":147650,"geometry":{"type":"LineString","coordinates":[[-74.9222711441937,38.9324757742315],[-74.9225391162326,38.9328363771357]]},"properties":{"OBJECTID":147650,"PRIMENAME":"Decatur Street","ELEVTYP_F":0,"ELEVTYP_T":0}},{"type":"Feature","id":147743,"geometry":{"type":"LineString","coordinates":[[-74.9204021198241,38.9316994833812],[-74.9201977997971,38.9317891296016],[-74.9199664170623,38.9318920264467],[-74.9198850788483,38.9319536061984],[-74.9198038003853,38.9320253457005],[-74.9197719306576,38.9320577520273],[-74.9196349061374,38.9321969932246],[-74.9196044295891,38.9322272522257]]},"properties":{"OBJECTID":147743,"PRIMENAME":"Columbia Avenue","ELEVTYP_F":0,"ELEVTYP_T":0}},{"type":"Feature","id":148052,"geometry":{"type":"LineString","coordinates":[[-74.9408113106508,38.9422825120311],[-74.9403927280174,38.9420271624832],[-74.939895478959,38.9417234790086],[-74.9394359036469,38.9414391472709],[-74.9391225017065,38.9412420481634],[-74.9388342604357,38.9410708301727],[-74.9386044242247,38.940928690078],[-74.9384904413452,38.940861075683]]},"properties":{"OBJECTID":148052,"PRIMENAME":"4th Avenue","ELEVTYP_F":0,"ELEVTYP_T":0}},{"type":"Feature","id":148094,"geometry":{"type":"LineString","coordinates":[[-74.9147388297468,38.9371927338767],[-74.9147208095937,38.9371712427791],[-74.9144025313925,38.9367192786348],[-74.914379312303,38.9366866036166]]},"properties":{"OBJECTID":148094,"PRIMENAME":"Madison Avenue","ELEVTYP_F":0,"ELEVTYP_T":0}},{"type":"Feature","id":148298,"geometry":{"type":"LineString","coordinates":[[-74.931202633509,38.9300903336119],[-74.9308758532002,38.930081050506],[-74.9304329879448,38.9300886156591],[-74.9300902252838,38.930098939986]]},"properties":{"OBJECTID":148298,"PRIMENAME":"Beach Avenue","ELEVTYP_F":0,"ELEVTYP_T":0}},{"type":"Feature","id":148453,"geometry":{"type":"LineString","coordinates":[[-74.9058169487056,38.9386306306114],[-74.9052318730229,38.9388281412763],[-74.9036270742914,38.9393714778017]]},"properties":{"OBJECTID":148453,"PRIMENAME":"Cape May Avenue","ELEVTYP_F":0,"ELEVTYP_T":0}},{"type":"Feature","id":148866,"geometry":{"type":"LineString","coordinates":[[-74.8931566283631,38.9466300047282],[-74.8927966247783,38.9467128715951],[-74.8926966260334,38.9467358721475],[-74.8916716247079,38.946972872875],[-74.891056625272,38.9471098716924]]},"properties":{"OBJECTID":148866,"PRIMENAME":"Diligence Avenue","ELEVTYP_F":0,"ELEVTYP_T":0}},{"type":"Feature","id":149263,"geometry":{"type":"LineString","coordinates":[[-74.9165906381516,38.9388160532407],[-74.9164488188431,38.9389862255424],[-74.9161608220809,38.9393693107122],[-74.9159801113629,38.9396050557667]]},"properties":{"OBJECTID":149263,"PRIMENAME":"Washington Street","ELEVTYP_F":0,"ELEVTYP_T":0}},{"type":"Feature","id":149390,"geometry":{"type":"LineString","coordinates":[[-74.8922686417556,38.9442758610581],[-74.8918496258352,38.9430678706245],[-74.8917626241667,38.94282187204],[-74.8908616251645,38.9403608713732]]},"properties":{"OBJECTID":149390,"PRIMENAME":"Buffalo Avenue","ELEVTYP_F":0,"ELEVTYP_T":0}},{"type":"Feature","id":149536,"geometry":{"type":"LineString","coordinates":[[-74.9287198858964,38.9331904369678],[-74.9284867790689,38.9331341245263],[-74.9284131146223,38.9331144045868],[-74.9283617333442,38.9330821095589],[-74.928307062467,38.9330348342905],[-74.9281139639637,38.9328381709078],[-74.927389859798,38.9320938953365],[-74.9269953066517,38.9316887050976]]},"properties":{"OBJECTID":149536,"PRIMENAME":"Windsor Avenue","ELEVTYP_F":0,"ELEVTYP_T":0}},{"type":"Feature","id":149631,"geometry":{"type":"LineString","coordinates":[[-74.9075859385706,38.9418333856524],[-74.9078948694749,38.9424001768877],[-74.9080369177344,38.942657846209]]},"properties":{"OBJECTID":149631,"PRIMENAME":"Trenton Avenue","ELEVTYP_F":0,"ELEVTYP_T":0}},{"type":"Feature","id":149661,"geometry":{"type":"LineString","coordinates":[[-74.924049442818,38.931682913513],[-74.9239101782725,38.9317450343937],[-74.9231395422205,38.9320887856862]]},"properties":{"OBJECTID":149661,"PRIMENAME":"Carpenter Lane","ELEVTYP_F":0,"ELEVTYP_T":0}},{"type":"Feature","id":149737,"geometry":{"type":"LineString","coordinates":[[-74.9231961253593,38.9336061621421],[-74.9228409173535,38.9339689687353],[-74.9223579973821,38.9344646148093]]},"properties":{"OBJECTID":149737,"PRIMENAME":"Lafayette Street","ELEVTYP_F":0,"ELEVTYP_T":0}},{"type":"Feature","id":150109,"geometry":{"type":"LineString","coordinates":[[-74.9092554334319,38.9498783071199],[-74.9100251562664,38.9501736948724]]},"properties":{"OBJECTID":150109,"PRIMENAME":"3rd Avenue","ELEVTYP_F":0,"ELEVTYP_T":0}},{"type":"Feature","id":150171,"geometry":{"type":"LineString","coordinates":[[-74.8870552437339,38.9470444463148],[-74.8877524648641,38.9468887825795]]},"properties":{"OBJECTID":150171,"PRIMENAME":"Munro Avenue","ELEVTYP_F":0,"ELEVTYP_T":0}},{"type":"Feature","id":150247,"geometry":{"type":"LineString","coordinates":[[-74.927439781185,38.9384719008147],[-74.9278142915459,38.9386477469888],[-74.9285532700939,38.9390123496055],[-74.9294508172984,38.9394576406674],[-74.9302024910524,38.9398257012433]]},"properties":{"OBJECTID":150247,"PRIMENAME":"East Mechanic Street","ELEVTYP_F":0,"ELEVTYP_T":0}},{"type":"Feature","id":150790,"geometry":{"type":"LineString","coordinates":[[-74.9180316055535,38.935718104446],[-74.9175728922417,38.9354931854907],[-74.9173786290855,38.9353938214816],[-74.91734559425,38.9353780410347]]},"properties":{"OBJECTID":150790,"PRIMENAME":"Jefferson Street","ELEVTYP_F":0,"ELEVTYP_T":0}},{"type":"Feature","id":150968,"geometry":{"type":"LineString","coordinates":[[-74.9238324740113,38.9330547637357],[-74.9237048800388,38.9328693052477]]},"properties":{"OBJECTID":150968,"PRIMENAME":"Jackson Street","ELEVTYP_F":0,"ELEVTYP_T":0}},{"type":"Feature","id":150969,"geometry":{"type":"LineString","coordinates":[[-74.9056366295334,38.9383052693623],[-74.9058653201761,38.9382284968185],[-74.9076054942206,38.9376401457464],[-74.9077636126454,38.9375870655506]]},"properties":{"OBJECTID":150969,"PRIMENAME":"Cape May Avenue","ELEVTYP_F":0,"ELEVTYP_T":0}},{"type":"Feature","id":151608,"geometry":{"type":"LineString","coordinates":[[-74.9159098576078,38.9382257598057],[-74.9161864450686,38.9379063371155],[-74.9165367593666,38.9374731635718],[-74.9166241465512,38.937370616451],[-74.9166749302084,38.9373110218938],[-74.9167423033798,38.9372286256191],[-74.9168198549723,38.9371435290862],[-74.9169075529657,38.937055787342],[-74.9169886236179,38.9369892405574],[-74.917040069348,38.9369368306162],[-74.9170517317973,38.9369231966185]]},"properties":{"OBJECTID":151608,"PRIMENAME":"Corgie Street","ELEVTYP_F":0,"ELEVTYP_T":0}},{"type":"Feature","id":151812,"geometry":{"type":"LineString","coordinates":[[-74.933991128351,38.9386299572586],[-74.9341866748969,38.9381270529105]]},"properties":{"OBJECTID":151812,"PRIMENAME":"Atlantic Avenue","ELEVTYP_F":0,"ELEVTYP_T":0}},{"type":"Feature","id":151996,"geometry":{"type":"LineString","coordinates":[[-74.9186391222024,38.9383013714925],[-74.918180724887,38.9387738471049],[-74.9174967799707,38.939480991841],[-74.9174397099543,38.939539793029]]},"properties":{"OBJECTID":151996,"PRIMENAME":"Lafayette Street","ELEVTYP_F":0,"ELEVTYP_T":0}},{"type":"Feature","id":152026,"geometry":{"type":"LineString","coordinates":[[-74.9196044295891,38.9322272522257],[-74.9194938789628,38.9323370441119],[-74.9194877717137,38.9323431091009],[-74.9192840320842,38.9325453577873],[-74.9189559800086,38.932883452327],[-74.9189403248037,38.9328995169877]]},"properties":{"OBJECTID":152026,"PRIMENAME":"Columbia Avenue","ELEVTYP_F":0,"ELEVTYP_T":0}},{"type":"Feature","id":152478,"geometry":{"type":"LineString","coordinates":[[-74.91734559425,38.9353780410347],[-74.9170841395937,38.9352533518417],[-74.9169023946637,38.9351661617117],[-74.9167737347961,38.9351085186078]]},"properties":{"OBJECTID":152478,"PRIMENAME":"Jefferson Street","ELEVTYP_F":0,"ELEVTYP_T":0}},{"type":"Feature","id":152510,"geometry":{"type":"LineString","coordinates":[[-74.9357897775613,38.9363282418201],[-74.9349726579893,38.9361330783704]]},"properties":{"OBJECTID":152510,"PRIMENAME":"Sunset Boulevard","ELEVTYP_F":0,"ELEVTYP_T":0}},{"type":"Feature","id":153114,"geometry":{"type":"LineString","coordinates":[[-74.9383410299151,38.9482622736335],[-74.9382955575703,38.9483827255846],[-74.9381704858222,38.9487032249082],[-74.9380413335223,38.949023710569],[-74.937887702671,38.9493666951954],[-74.9377987255181,38.9495590462435],[-74.9377541634638,38.9496488380163],[-74.9377408417424,38.9496784328385]]},"properties":{"OBJECTID":153114,"PRIMENAME":"Bayshore Road","ELEVTYP_F":0,"ELEVTYP_T":0}},{"type":"Feature","id":153127,"geometry":{"type":"LineString","coordinates":[[-74.9321576426314,38.9354554496564],[-74.9319500138046,38.9354047334345],[-74.9313367627331,38.9352642168139]]},"properties":{"OBJECTID":153127,"PRIMENAME":"Sunset Boulevard","ELEVTYP_F":0,"ELEVTYP_T":0}},{"type":"Feature","id":153185,"geometry":{"type":"LineString","coordinates":[[-74.9231224691186,38.9303157353186],[-74.9225440127167,38.9303350255329],[-74.9222051529381,38.9303463233602],[-74.9218895080801,38.9303535607604]]},"properties":{"OBJECTID":153185,"PRIMENAME":"Beach Avenue","ELEVTYP_F":0,"ELEVTYP_T":0}},{"type":"Feature","id":154401,"geometry":{"type":"LineString","coordinates":[[-74.9165906381516,38.9388160532407],[-74.9159098576078,38.9382257598057]]},"properties":{"OBJECTID":154401,"PRIMENAME":"Madison Avenue","ELEVTYP_F":0,"ELEVTYP_T":0}},{"type":"Feature","id":154465,"geometry":{"type":"LineString","coordinates":[[-74.9083814162289,38.9387096368541],[-74.9086754002773,38.9392403978848],[-74.9088154012926,38.9394910990363]]},"properties":{"OBJECTID":154465,"PRIMENAME":"Reading Avenue","ELEVTYP_F":0,"ELEVTYP_T":0}},{"type":"Feature","id":154558,"geometry":{"type":"LineString","coordinates":[[-74.9384904413452,38.940861075683],[-74.9382108036364,38.9411616990446],[-74.9380149312401,38.9413451160611],[-74.9378804841251,38.9415058679883],[-74.9376808869302,38.9417469891592],[-74.9373752871448,38.942103886923],[-74.9372527494812,38.9422692626889]]},"properties":{"OBJECTID":154558,"PRIMENAME":"Oak Street","ELEVTYP_F":0,"ELEVTYP_T":0}},{"type":"Feature","id":154662,"geometry":{"type":"LineString","coordinates":[[-74.9329036550915,38.9356371249969],[-74.9327233587381,38.9361387754266]]},"properties":{"OBJECTID":154662,"PRIMENAME":"Pacific Avenue","ELEVTYP_F":0,"ELEVTYP_T":0}},{"type":"Feature","id":155293,"geometry":{"type":"LineString","coordinates":[[-74.8629911704698,38.948388667034],[-74.8631459411443,38.9484426476763],[-74.8632817729653,38.948552327474],[-74.8636608835225,38.9488528445277],[-74.8641499247874,38.9492578056512],[-74.8646205120819,38.9493435397777],[-74.8649638413248,38.9495138850771],[-74.8653417344668,38.9495744141927],[-74.8665712250482,38.9496048427311]]},"properties":{"OBJECTID":155293,"PRIMENAME":"Unnamed Segment","ELEVTYP_F":0,"ELEVTYP_T":0}},{"type":"Feature","id":155305,"geometry":{"type":"LineString","coordinates":[[-74.8974374233113,38.9380779172314],[-74.8974130902308,38.9380836566451],[-74.8966418502427,38.9382528706651],[-74.8961944787009,38.9383576351556],[-74.8956447831027,38.9384728210399],[-74.8952033259222,38.9385729753543]]},"properties":{"OBJECTID":155305,"PRIMENAME":"New York Avenue","ELEVTYP_F":0,"ELEVTYP_T":0}},{"type":"Feature","id":157766,"geometry":{"type":"LineString","coordinates":[[-74.9287198858964,38.9331904369678],[-74.9288154465375,38.9327889165947],[-74.9288907781707,38.9325075186628]]},"properties":{"OBJECTID":157766,"PRIMENAME":"Park Boulevard","ELEVTYP_F":0,"ELEVTYP_T":0}},{"type":"Feature","id":160680,"geometry":{"type":"LineString","coordinates":[[-74.9142563803379,38.936513665653],[-74.9138015879838,38.9358736266078]]},"properties":{"OBJECTID":160680,"PRIMENAME":"Madison Avenue","ELEVTYP_F":0,"ELEVTYP_T":0}},{"type":"Feature","id":160813,"geometry":{"type":"LineString","coordinates":[[-74.9088996674498,38.9442210624206],[-74.9091254261359,38.9441455018748],[-74.9110288700136,38.9434972460352]]},"properties":{"OBJECTID":160813,"PRIMENAME":"Vermont Avenue","ELEVTYP_F":0,"ELEVTYP_T":0}},{"type":"Feature","id":160841,"geometry":{"type":"LineString","coordinates":[[-74.9062592210876,38.9394275054545],[-74.9056740727312,38.9396255401758],[-74.9040708941725,38.9401658565083]]},"properties":{"OBJECTID":160841,"PRIMENAME":"Ohio Avenue","ELEVTYP_F":0,"ELEVTYP_T":0}},{"type":"Feature","id":160983,"geometry":{"type":"LineString","coordinates":[[-74.9361859434811,38.9417176026559],[-74.9357162390562,38.9414762943755],[-74.9355797173589,38.9414042632337],[-74.9343647317856,38.9407632082173],[-74.9338409141579,38.9404904884868]]},"properties":{"OBJECTID":160983,"PRIMENAME":"5th Avenue","ELEVTYP_F":0,"ELEVTYP_T":0}},{"type":"Feature","id":161852,"geometry":{"type":"LineString","coordinates":[[-74.9155094203547,38.9333367845652],[-74.9154403798449,38.9330483849715],[-74.9153392910043,38.9326359052903]]},"properties":{"OBJECTID":161852,"PRIMENAME":"Jefferson Street","ELEVTYP_F":0,"ELEVTYP_T":0}},{"type":"Feature","id":162310,"geometry":{"type":"LineString","coordinates":[[-74.9245393480726,38.9323345371251],[-74.9258495686446,38.9315661136166]]},"properties":{"OBJECTID":162310,"PRIMENAME":"South Lafayette Avenue","ELEVTYP_F":0,"ELEVTYP_T":0}},{"type":"Feature","id":163515,"geometry":{"type":"LineString","coordinates":[[-74.9069122703879,38.9467729487037],[-74.9063507790238,38.9469510085113],[-74.9063173761226,38.9469616019023],[-74.9056543602832,38.9471612253988]]},"properties":{"OBJECTID":163515,"PRIMENAME":"Texas Avenue","ELEVTYP_F":0,"ELEVTYP_T":0}},{"type":"Feature","id":164467,"geometry":{"type":"LineString","coordinates":[[-74.9108188548778,38.9473518969999],[-74.9112055753695,38.9468607616672],[-74.9112456668477,38.9468145346694]]},"properties":{"OBJECTID":164467,"PRIMENAME":"Lafayette Street","ELEVTYP_F":0,"ELEVTYP_T":0}},{"type":"Feature","id":165638,"geometry":{"type":"LineString","coordinates":[[-74.9063799973769,38.9450644517733],[-74.9063892714488,38.9450687436564],[-74.9064337221416,38.9451130170513],[-74.9064752341554,38.9451965938754],[-74.9068578775829,38.945900011549],[-74.9069089467594,38.9460008813065],[-74.9069250446972,38.9460550277746],[-74.9069379002071,38.9461017722931],[-74.90692878018,38.9461609776733],[-74.9069007280289,38.9462177500428],[-74.9068506024429,38.9462819855738],[-74.9067845759478,38.9463265609817],[-74.9066933246605,38.9463687801892],[-74.9066921661838,38.9463691418708]]},"properties":{"OBJECTID":165638,"PRIMENAME":"Harbor Cove","ELEVTYP_F":0,"ELEVTYP_T":0}},{"type":"Feature","id":165868,"geometry":{"type":"LineString","coordinates":[[-74.9243728754213,38.9365858419352],[-74.9250724923808,38.9375602718512],[-74.9252999318002,38.937875037038]]},"properties":{"OBJECTID":165868,"PRIMENAME":"Elmira Street","ELEVTYP_F":0,"ELEVTYP_T":0}},{"type":"Feature","id":165996,"geometry":{"type":"LineString","coordinates":[[-74.9112210214973,38.9425044642381],[-74.9107172794,38.9426757661839],[-74.9105991960873,38.9427159424039]]},"properties":{"OBJECTID":165996,"PRIMENAME":"Missouri Avenue","ELEVTYP_F":0,"ELEVTYP_T":0}},{"type":"Feature","id":166196,"geometry":{"type":"LineString","coordinates":[[-74.9073329019787,38.9367901837491],[-74.9085263930857,38.9363844029932],[-74.9094546140364,38.9360712260315]]},"properties":{"OBJECTID":166196,"PRIMENAME":"Idaho Avenue","ELEVTYP_F":0,"ELEVTYP_T":0}},{"type":"Feature","id":166644,"geometry":{"type":"LineString","coordinates":[[-74.9077636126454,38.9375870655506],[-74.909713862218,38.9369321863599],[-74.9098972392302,38.9368702275233]]},"properties":{"OBJECTID":166644,"PRIMENAME":"Cape May Avenue","ELEVTYP_F":0,"ELEVTYP_T":0}},{"type":"Feature","id":167687,"geometry":{"type":"LineString","coordinates":[[-74.9316551440658,38.9444960730928],[-74.9317761405764,38.9443288837738],[-74.9318621995395,38.9442690161678],[-74.932219855438,38.9444552288592]]},"properties":{"OBJECTID":167687,"PRIMENAME":"Unnamed Segment","ELEVTYP_F":0,"ELEVTYP_T":0}},{"type":"Feature","id":167926,"geometry":{"type":"LineString","coordinates":[[-74.9242506378478,38.9326097064234],[-74.9251035385502,38.9337621709727]]},"properties":{"OBJECTID":167926,"PRIMENAME":"Chestnut Street","ELEVTYP_F":0,"ELEVTYP_T":0}},{"type":"Feature","id":167960,"geometry":{"type":"LineString","coordinates":[[-74.9335725830561,38.9396236987893],[-74.933581638658,38.9396258704806],[-74.9356452311761,38.9401197306226]]},"properties":{"OBJECTID":167960,"PRIMENAME":"Ceas Alley","ELEVTYP_F":0,"ELEVTYP_T":0}},{"type":"Feature","id":168077,"geometry":{"type":"LineString","coordinates":[[-74.9185883600398,38.9345107869058],[-74.9181216803555,38.9342933398071]]},"properties":{"OBJECTID":168077,"PRIMENAME":"Franklin Street","ELEVTYP_F":0,"ELEVTYP_T":0}},{"type":"Feature","id":168224,"geometry":{"type":"LineString","coordinates":[[-74.9276690180881,38.9312843549127],[-74.9273767895437,38.9309822541969],[-74.9271758958828,38.9307739199072]]},"properties":{"OBJECTID":168224,"PRIMENAME":"Grant Street","ELEVTYP_F":0,"ELEVTYP_T":0}},{"type":"Feature","id":168263,"geometry":{"type":"LineString","coordinates":[[-74.9155094203547,38.9333367845652],[-74.9151327612747,38.9333913391314],[-74.9134276666908,38.9336472092276]]},"properties":{"OBJECTID":168263,"PRIMENAME":"Benton Avenue","ELEVTYP_F":0,"ELEVTYP_T":0}},{"type":"Feature","id":168471,"geometry":{"type":"LineString","coordinates":[[-74.9372067224097,38.9401048503053],[-74.9373348619114,38.9400942823407],[-74.9373989120492,38.9400890001808],[-74.9374922331304,38.9400961745054],[-74.9376145130363,38.9401183144342],[-74.9378301606346,38.9401551791997],[-74.938033033803,38.9402071378228],[-74.9382520361661,38.9402690865328],[-74.9384806729004,38.9403309977382]]},"properties":{"OBJECTID":168471,"PRIMENAME":"Fourth Avenue","ELEVTYP_F":0,"ELEVTYP_T":0}},{"type":"Feature","id":168824,"geometry":{"type":"LineString","coordinates":[[-74.9370269963856,38.9366238878902],[-74.9365420604924,38.9365079056354],[-74.9357897775613,38.9363282418201]]},"properties":{"OBJECTID":168824,"PRIMENAME":"Sunset Boulevard","ELEVTYP_F":0,"ELEVTYP_T":0}},{"type":"Feature","id":168932,"geometry":{"type":"LineString","coordinates":[[-74.9167145760803,38.9402882411505],[-74.9169802371636,38.9404678870719],[-74.91708472425,38.9405266873878],[-74.9171454415515,38.9405619736892],[-74.9171893528633,38.9405914995076],[-74.9172055952912,38.9406093444369],[-74.9172178449356,38.940629674721],[-74.9172277053048,38.9406503432625]]},"properties":{"OBJECTID":168932,"PRIMENAME":"Clay Street","ELEVTYP_F":0,"ELEVTYP_T":0}},{"type":"Feature","id":169524,"geometry":{"type":"LineString","coordinates":[[-74.8870552437339,38.9470444463148],[-74.8867837449405,38.9463306325411],[-74.8866438539738,38.9459864963141]]},"properties":{"OBJECTID":169524,"PRIMENAME":"Unnamed Segment","ELEVTYP_F":0,"ELEVTYP_T":0}},{"type":"Feature","id":169653,"geometry":{"type":"LineString","coordinates":[[-74.9335603847536,38.9318425748923],[-74.9341384267692,38.9318226883881]]},"properties":{"OBJECTID":169653,"PRIMENAME":"Mt Vernon Avenue","ELEVTYP_F":0,"ELEVTYP_T":0}},{"type":"Feature","id":169868,"geometry":{"type":"LineString","coordinates":[[-74.9045410271614,38.9564787535794],[-74.904540489363,38.9564618866991],[-74.9045395122401,38.9562900270813],[-74.9045386050638,38.9561304685628],[-74.904550087304,38.9559727625213],[-74.9045740220889,38.9558343161999],[-74.9046141396076,38.9556410887628],[-74.9046545487056,38.9554993728095],[-74.9046991462951,38.9553705202192],[-74.9047599638246,38.9551997642526],[-74.9048944838882,38.954935421788]]},"properties":{"OBJECTID":169868,"PRIMENAME":"State Highway 109","ELEVTYP_F":0,"ELEVTYP_T":0}},{"type":"Feature","id":170073,"geometry":{"type":"LineString","coordinates":[[-74.9325767552071,38.9446410468651],[-74.9328464700514,38.9447814707373],[-74.9329469700314,38.9448379797477]]},"properties":{"OBJECTID":170073,"PRIMENAME":"Unnamed Segment","ELEVTYP_F":0,"ELEVTYP_T":0}},{"type":"Feature","id":170897,"geometry":{"type":"LineString","coordinates":[[-74.9146718100071,38.9375172303097],[-74.9146727573337,38.9375832373071],[-74.9146604232681,38.9376325686318],[-74.9146292310573,38.9376918251651],[-74.914500825109,38.9378474777144],[-74.9141719377553,38.9382675803767],[-74.9137805871686,38.9387718673203],[-74.9137148547106,38.9388565676903]]},"properties":{"OBJECTID":170897,"PRIMENAME":"Michigan Avenue","ELEVTYP_F":0,"ELEVTYP_T":0}},{"type":"Feature","id":170950,"geometry":{"type":"LineString","coordinates":[[-74.9238324740113,38.9330547637357],[-74.9237338473364,38.9330937015776],[-74.9237286020236,38.9330968664583],[-74.9236640676085,38.9331358011998],[-74.9235657304747,38.933229463038],[-74.9232709052365,38.9335298034803],[-74.9231961253593,38.9336061621421]]},"properties":{"OBJECTID":170950,"PRIMENAME":"Lafayette Street","ELEVTYP_F":0,"ELEVTYP_T":0}},{"type":"Feature","id":171040,"geometry":{"type":"LineString","coordinates":[[-74.9167737347961,38.9351085186078],[-74.9166862108445,38.9350693179902],[-74.9164919228003,38.9349650923858],[-74.9162035656752,38.9348026317986],[-74.9160352341128,38.9347061936912]]},"properties":{"OBJECTID":171040,"PRIMENAME":"Jefferson Street","ELEVTYP_F":0,"ELEVTYP_T":0}},{"type":"Feature","id":171577,"geometry":{"type":"LineString","coordinates":[[-74.8907526244048,38.9462468723316],[-74.892357627182,38.9458858726161],[-74.8924836262607,38.9458578715852]]},"properties":{"OBJECTID":171577,"PRIMENAME":"Munro Drive","ELEVTYP_F":0,"ELEVTYP_T":0}},{"type":"Feature","id":172120,"geometry":{"type":"LineString","coordinates":[[-74.899932627738,38.9374088702201],[-74.8998624830593,38.9374288891421],[-74.8995347169082,38.937549977708],[-74.8992153110603,38.9376576651392],[-74.8990066572318,38.9377283428707],[-74.8987936546691,38.9377823951069],[-74.8982183537472,38.9378943311467],[-74.8974374233113,38.9380779172314]]},"properties":{"OBJECTID":172120,"PRIMENAME":"New York Avenue","ELEVTYP_F":0,"ELEVTYP_T":0}},{"type":"Feature","id":173040,"geometry":{"type":"LineString","coordinates":[[-74.9377408417424,38.9496784328385],[-74.9366253278637,38.9493394346038],[-74.9349473919144,38.9488284824058]]},"properties":{"OBJECTID":173040,"PRIMENAME":"Stimpson Lane","ELEVTYP_F":0,"ELEVTYP_T":0}},{"type":"Feature","id":173878,"geometry":{"type":"LineString","coordinates":[[-74.9092554334319,38.9498783071199],[-74.9091113561878,38.9500908189917],[-74.9089928322354,38.950258567077],[-74.9089599604525,38.950302560856]]},"properties":{"OBJECTID":173878,"PRIMENAME":"State Highway 109","ELEVTYP_F":0,"ELEVTYP_T":0}},{"type":"Feature","id":175080,"geometry":{"type":"LineString","coordinates":[[-74.9208990480029,38.9323613939956],[-74.9209475465532,38.9324180865865],[-74.9210888062661,38.9326150867235],[-74.9211577827376,38.9327162696277],[-74.921260119016,38.9329238717832]]},"properties":{"OBJECTID":175080,"PRIMENAME":"Ocean Street","ELEVTYP_F":0,"ELEVTYP_T":0}},{"type":"Feature","id":175118,"geometry":{"type":"LineString","coordinates":[[-74.9118607476447,38.9331594539095],[-74.9116158634277,38.9328146967225],[-74.9114068647965,38.9325230269813]]},"properties":{"OBJECTID":175118,"PRIMENAME":"Madison Avenue","ELEVTYP_F":0,"ELEVTYP_T":0}},{"type":"Feature","id":175222,"geometry":{"type":"LineString","coordinates":[[-74.9294145599779,38.9310263155567],[-74.9282056440022,38.9310655192253],[-74.9281235025169,38.9310738661895],[-74.9280653354849,38.9310820972559],[-74.9279866674459,38.9311011121115],[-74.9278944663705,38.9311496124766],[-74.9276690180881,38.9312843549127]]},"properties":{"OBJECTID":175222,"PRIMENAME":"Heritage Lane","ELEVTYP_F":0,"ELEVTYP_T":0}},{"type":"Feature","id":177464,"geometry":{"type":"LineString","coordinates":[[-74.9258851255771,38.9511574145321],[-74.9253678614695,38.9510649808737],[-74.9250605369582,38.9510087116194],[-74.9248397868756,38.9509757418107],[-74.9247403022939,38.9509693212528],[-74.9246366294751,38.9509798584701],[-74.9245157612684,38.9510140716883],[-74.9244354241,38.951051872396],[-74.9243951537583,38.9510802186988],[-74.9243520819578,38.9511164559653],[-74.9243076602197,38.9511797719052],[-74.9242451730179,38.9513155346227],[-74.9241742546796,38.9515177489295]]},"properties":{"OBJECTID":177464,"PRIMENAME":"Cape Avenue","ELEVTYP_F":0,"ELEVTYP_T":0}},{"type":"Feature","id":178201,"geometry":{"type":"LineString","coordinates":[[-74.9325675438826,38.947769748385],[-74.9320781727338,38.9482843216447],[-74.9320128267166,38.9483229504216],[-74.9319433638975,38.9483552243588],[-74.9318778829347,38.9483714471679],[-74.9317918979423,38.9483813757572],[-74.9317456051853,38.9483842108725],[-74.9316916197513,38.9483826529611],[-74.9316499796166,38.9483757774894],[-74.9316072398074,38.9483671484756],[-74.9315564824294,38.9483471549108],[-74.9314964604261,38.9483184625591],[-74.9313153136119,38.9481815371063],[-74.930932325934,38.9478757187679]]},"properties":{"OBJECTID":178201,"PRIMENAME":"Melody Court","ELEVTYP_F":0,"ELEVTYP_T":0}},{"type":"Feature","id":179004,"geometry":{"type":"LineString","coordinates":[[-74.9176508764847,38.9374541083206],[-74.9176622483602,38.9374688130739],[-74.9177033111148,38.9375164158607],[-74.9177775853602,38.9375798271542],[-74.9181847841581,38.937926653525],[-74.9184562683761,38.9381525710173],[-74.9186391222024,38.9383013714925]]},"properties":{"OBJECTID":179004,"PRIMENAME":"Queen Street","ELEVTYP_F":0,"ELEVTYP_T":0}},{"type":"Feature","id":183414,"geometry":{"type":"LineString","coordinates":[[-74.9328459432021,38.9336213572746],[-74.932737708479,38.9335943000381]]},"properties":{"OBJECTID":183414,"PRIMENAME":"West Grant Street","ELEVTYP_F":0,"ELEVTYP_T":0}},{"type":"Feature","id":183462,"geometry":{"type":"LineString","coordinates":[[-74.9062592210876,38.9394275054545],[-74.9065042311437,38.9398685436339],[-74.9066929236986,38.9402118871619]]},"properties":{"OBJECTID":183462,"PRIMENAME":"Trenton Avenue","ELEVTYP_F":0,"ELEVTYP_T":0}},{"type":"Feature","id":183658,"geometry":{"type":"LineString","coordinates":[[-74.8740415648508,38.9443857885224],[-74.8746206206642,38.9440518725576],[-74.8749658049945,38.9438360489887],[-74.8753127608439,38.9434741759312],[-74.8759621408944,38.9433942464057],[-74.8760122838874,38.9434585628666],[-74.8762050235328,38.943819864592],[-74.8767645345613,38.9449719329588]]},"properties":{"OBJECTID":183658,"PRIMENAME":"Unnamed Segment","ELEVTYP_F":0,"ELEVTYP_T":0}},{"type":"Feature","id":183929,"geometry":{"type":"LineString","coordinates":[[-74.9246319869446,38.9302656618189],[-74.9246477995037,38.9303176935639],[-74.9246704459624,38.9303600890519],[-74.9247637931534,38.930462170353],[-74.9254685953859,38.9311840714479],[-74.9255294617006,38.9312451367348]]},"properties":{"OBJECTID":183929,"PRIMENAME":"Congress Street","ELEVTYP_F":0,"ELEVTYP_T":0}},{"type":"Feature","id":183958,"geometry":{"type":"LineString","coordinates":[[-74.9304447420825,38.9365406533919],[-74.9304246800206,38.9366822495358]]},"properties":{"OBJECTID":183958,"PRIMENAME":"Broadway","ELEVTYP_F":0,"ELEVTYP_T":0}},{"type":"Feature","id":184882,"geometry":{"type":"LineString","coordinates":[[-74.9310393912475,38.9452327989222],[-74.9316551440658,38.9444960730928]]},"properties":{"OBJECTID":184882,"PRIMENAME":"Unnamed Segment","ELEVTYP_F":0,"ELEVTYP_T":0}},{"type":"Feature","id":185575,"geometry":{"type":"LineString","coordinates":[[-74.9254961091648,38.9531238735291],[-74.9237416896818,38.9527932849793]]},"properties":{"OBJECTID":185575,"PRIMENAME":"Farmstead Avenue","ELEVTYP_F":0,"ELEVTYP_T":0}},{"type":"Feature","id":186207,"geometry":{"type":"LineString","coordinates":[[-74.9316685524551,38.941262521047],[-74.9317586317618,38.9411175091866],[-74.9319020953089,38.9408934385411],[-74.9320149595809,38.9407545473524]]},"properties":{"OBJECTID":186207,"PRIMENAME":"Stewart Lane","ELEVTYP_F":0,"ELEVTYP_T":0}},{"type":"Feature","id":186925,"geometry":{"type":"LineString","coordinates":[[-74.9223579973821,38.9344646148093],[-74.9223986413918,38.934494864914],[-74.9225358694774,38.9345798194281],[-74.922951040986,38.9348532588166],[-74.9232118050669,38.9350258240293],[-74.9232770548721,38.9350789667151],[-74.9233114026859,38.9351202227395]]},"properties":{"OBJECTID":186925,"PRIMENAME":"Elmira Street","ELEVTYP_F":0,"ELEVTYP_T":0}},{"type":"Feature","id":187024,"geometry":{"type":"LineString","coordinates":[[-74.9258495686446,38.9315661136166],[-74.9263264969632,38.9312864649228],[-74.9265025844694,38.9311802153004]]},"properties":{"OBJECTID":187024,"PRIMENAME":"South Lafayette Avenue","ELEVTYP_F":0,"ELEVTYP_T":0}},{"type":"Feature","id":187026,"geometry":{"type":"LineString","coordinates":[[-74.937426215885,38.9402354449632],[-74.9372193511638,38.9404378750719],[-74.9370033740179,38.9406854814792],[-74.9368078697981,38.9409233724684],[-74.9363274364495,38.9415469411039],[-74.9361859434811,38.9417176026559]]},"properties":{"OBJECTID":187026,"PRIMENAME":"Green Street","ELEVTYP_F":0,"ELEVTYP_T":0}},{"type":"Feature","id":187209,"geometry":{"type":"LineString","coordinates":[[-74.9150310336926,38.9408185058817],[-74.9148498509506,38.9410651783694],[-74.9145067966707,38.9415064223766],[-74.9143772203789,38.9416730874843],[-74.9141529835739,38.9419597544564]]},"properties":{"OBJECTID":187209,"PRIMENAME":"Washington Street","ELEVTYP_F":0,"ELEVTYP_T":0}},{"type":"Feature","id":187344,"geometry":{"type":"LineString","coordinates":[[-74.9253075021892,38.9536981964526],[-74.9256781801658,38.953785150831],[-74.9258167230385,38.9538183919477],[-74.9259207735765,38.9538585414078],[-74.926085632444,38.9539524794012],[-74.9262809507519,38.9540766750538],[-74.9264067759645,38.9541471407116],[-74.9265411852617,38.954200660176],[-74.92675343341,38.9542741590077],[-74.926876294123,38.9543194008005]]},"properties":{"OBJECTID":187344,"PRIMENAME":"Strawberry Lane","ELEVTYP_F":0,"ELEVTYP_T":0}},{"type":"Feature","id":188040,"geometry":{"type":"LineString","coordinates":[[-74.9280657200509,38.9503256270627],[-74.9284120973532,38.9503853413377],[-74.9291739084149,38.9505209609385],[-74.9306325390589,38.9507721879112],[-74.9307364242691,38.9507853139856],[-74.9308315429299,38.9507849629146],[-74.9309135622859,38.9507643689837],[-74.9309868653962,38.9507270014932],[-74.9310470343268,38.9506693633909],[-74.9311156286145,38.9505745982031],[-74.9313771200872,38.9501988503082],[-74.9314020614265,38.9501423034388],[-74.9314093569111,38.950116163918],[-74.9314109848626,38.9500771665383],[-74.9314100783664,38.9500321102804],[-74.9313962002299,38.9499876794235],[-74.9313712395609,38.9499422454191],[-74.9313275087317,38.9498922674313],[-74.9312814628148,38.9498547101388],[-74.9310889873696,38.9497407263],[-74.9302383732142,38.9492239379654],[-74.9296091275557,38.948841342772],[-74.9294659619897,38.9487574619041],[-74.9293532814263,38.9487139978776],[-74.9292233824338,38.9486840794552],[-74.929097931842,38.9486744086618],[-74.9289899021435,38.9486849378329],[-74.9289210691957,38.9486937571594],[-74.9288603289631,38.9487090554825],[-74.9287926592827,38.9487300078554],[-74.9287352229166,38.9487567710357],[-74.928627497974,38.9488179329458],[-74.9285760759401,38.9488566455971],[-74.9285371552625,38.9488925394547],[-74.9284966939144,38.9489354414031],[-74.9284658951935,38.9489771259275],[-74.9284395900512,38.9490291746519],[-74.9284171915981,38.9490820594499],[-74.9283622565347,38.9492848771179],[-74.9281167331537,38.9501602216832],[-74.9280657200509,38.9503256270627]]},"properties":{"OBJECTID":188040,"PRIMENAME":"Taylor Lane","ELEVTYP_F":0,"ELEVTYP_T":0}},{"type":"Feature","id":188097,"geometry":{"type":"LineString","coordinates":[[-74.9073329019787,38.9367901837491],[-74.9077636126454,38.9375870655506]]},"properties":{"OBJECTID":188097,"PRIMENAME":"Reading Avenue","ELEVTYP_F":0,"ELEVTYP_T":0}},{"type":"Feature","id":188288,"geometry":{"type":"LineString","coordinates":[[-74.9105281842269,38.9464372099478],[-74.9104528703102,38.946486680279],[-74.9104074465964,38.9465059231119],[-74.9103651776297,38.9465174947473],[-74.9103327169108,38.9465226888685],[-74.9102790606404,38.9465228774867],[-74.9101774780322,38.9465232345131]]},"properties":{"OBJECTID":188288,"PRIMENAME":"FR RT 109 NB to TEXAS AVE CR 622","ELEVTYP_F":0,"ELEVTYP_T":0}},{"type":"Feature","id":190187,"geometry":{"type":"LineString","coordinates":[[-74.9158887709455,38.9412726920073],[-74.9159160886481,38.9413026350685],[-74.9159507737074,38.9413356814904],[-74.9160332875421,38.9413706168261],[-74.9162409822171,38.9414735592468],[-74.9164247198271,38.9415682672366],[-74.9164779560947,38.9415929548109],[-74.9165231974441,38.9416094063133],[-74.9165710270751,38.9416175281301],[-74.9166268034764,38.9416256485889],[-74.9166985293686,38.9416253925532],[-74.9167781768466,38.9416271405503],[-74.9168472307704,38.94163312708],[-74.9168844197506,38.9416433461556],[-74.9169244005364,38.9416618747771],[-74.9169564127811,38.9416886973278],[-74.9169805151112,38.9417218091699],[-74.916996660363,38.9417590673082],[-74.9170049469978,38.9418170852293],[-74.9169976562719,38.9419290866488],[-74.9169750233761,38.9421468590019],[-74.9169619886463,38.9421904553956],[-74.9169384431101,38.9422465276368],[-74.9169016428894,38.9423088524038],[-74.9168541891578,38.9423650100177],[-74.9168040261209,38.9424149441711],[-74.9167273058366,38.9424629137334],[-74.9166054984308,38.9425151899786],[-74.9162981899884,38.9426344678623],[-74.9160174008488,38.942743271505],[-74.9159618159557,38.9427621410227],[-74.9159166715598,38.9427685079825],[-74.9158556107825,38.9427708119566],[-74.9156537915795,38.9427652976997],[-74.915582099824,38.9427593477857],[-74.9155209904814,38.942753332229],[-74.9154545121502,38.9427369838603],[-74.9153640260883,38.9426979297941],[-74.9150524457694,38.9425373077682],[-74.9148945300408,38.9424572783109]]},"properties":{"OBJECTID":190187,"PRIMENAME":"Saint James Place","ELEVTYP_F":0,"ELEVTYP_T":0}},{"type":"Feature","id":190852,"geometry":{"type":"LineString","coordinates":[[-74.9253075021892,38.9536981964526],[-74.9252874020611,38.9537596385885],[-74.9251972892563,38.9540039082975]]},"properties":{"OBJECTID":190852,"PRIMENAME":"Seashore Road","ELEVTYP_F":0,"ELEVTYP_T":0}},{"type":"Feature","id":191191,"geometry":{"type":"LineString","coordinates":[[-74.9097164437639,38.9411138441827],[-74.910032854943,38.9416889780303],[-74.9101718539645,38.941941080903]]},"properties":{"OBJECTID":191191,"PRIMENAME":"Reading Avenue","ELEVTYP_F":0,"ELEVTYP_T":0}},{"type":"Feature","id":191540,"geometry":{"type":"LineString","coordinates":[[-74.8866438539738,38.9459864963141],[-74.8859128304205,38.9461422147569]]},"properties":{"OBJECTID":191540,"PRIMENAME":"Dobbin Avenue","ELEVTYP_F":0,"ELEVTYP_T":0}},{"type":"Feature","id":191723,"geometry":{"type":"LineString","coordinates":[[-74.9036529924842,38.9441348724358],[-74.9037629656774,38.94433125997],[-74.9037698283691,38.9443434610284],[-74.9040880793595,38.9449092083059]]},"properties":{"OBJECTID":191723,"PRIMENAME":"Baltimore Avenue","ELEVTYP_F":0,"ELEVTYP_T":0}},{"type":"Feature","id":191845,"geometry":{"type":"LineString","coordinates":[[-74.8894586269856,38.9492768736241],[-74.8891276235066,38.948316873764],[-74.8891191993755,38.9482921576763]]},"properties":{"OBJECTID":191845,"PRIMENAME":"Fraser Avenue","ELEVTYP_F":0,"ELEVTYP_T":0}},{"type":"Feature","id":191926,"geometry":{"type":"LineString","coordinates":[[-74.9237048800388,38.9328693052477],[-74.9242506378478,38.9326097064234]]},"properties":{"OBJECTID":191926,"PRIMENAME":"Lyle Lane","ELEVTYP_F":0,"ELEVTYP_T":0}},{"type":"Feature","id":192021,"geometry":{"type":"LineString","coordinates":[[-74.9358474880683,38.9396151301806],[-74.9360444461688,38.9391231117689]]},"properties":{"OBJECTID":192021,"PRIMENAME":"Columbia Avenue","ELEVTYP_F":0,"ELEVTYP_T":0}},{"type":"Feature","id":194006,"geometry":{"type":"LineString","coordinates":[[-74.9417406885166,38.9427615001886],[-74.9417112218615,38.942817819604],[-74.9416962080336,38.9428447439279],[-74.9416845860141,38.9428655880643],[-74.9416471544942,38.9429190268951],[-74.9415579238673,38.9430279903316],[-74.9414401960408,38.943156804014],[-74.9413073371067,38.9433065713341],[-74.9410566757041,38.9435732344805],[-74.9406656124262,38.9440046024192],[-74.9406390091331,38.9440352648186]]},"properties":{"OBJECTID":194006,"PRIMENAME":"Bayshore Road","ELEVTYP_F":0,"ELEVTYP_T":0}},{"type":"Feature","id":194515,"geometry":{"type":"LineString","coordinates":[[-74.91734559425,38.9353780410347],[-74.9173485976663,38.9354045825525],[-74.9173477179225,38.9354223508634],[-74.9173449570386,38.9354371890622],[-74.9173393787718,38.9354572263477],[-74.9173206072152,38.9354876627035],[-74.9172668845414,38.9355530408404],[-74.9171677346524,38.9357139456507],[-74.9171137948242,38.9357724328327],[-74.9170462526576,38.9358256696686],[-74.9169889414471,38.9358788969437],[-74.9169113244762,38.9359586669913],[-74.916810181965,38.936067681266],[-74.9166787207013,38.9362165365695],[-74.9166113961515,38.9363068963403]]},"properties":{"OBJECTID":194515,"PRIMENAME":"Page Street","ELEVTYP_F":0,"ELEVTYP_T":0}},{"type":"Feature","id":194851,"geometry":{"type":"LineString","coordinates":[[-74.9083814162289,38.9387096368541],[-74.9076401228007,38.9389601510747],[-74.9062592210876,38.9394275054545]]},"properties":{"OBJECTID":194851,"PRIMENAME":"Ohio Avenue","ELEVTYP_F":0,"ELEVTYP_T":0}},{"type":"Feature","id":195145,"geometry":{"type":"LineString","coordinates":[[-74.8891191993755,38.9482921576763],[-74.888969367268,38.9483033026652],[-74.8888066256406,38.9483378725247],[-74.8879676249912,38.9484578737291],[-74.8877746257206,38.9484888716799],[-74.8877046252449,38.9484998732121],[-74.886851623584,38.9486818719806]]},"properties":{"OBJECTID":195145,"PRIMENAME":"Harbor Patrol Road","ELEVTYP_F":0,"ELEVTYP_T":0}},{"type":"Feature","id":196121,"geometry":{"type":"LineString","coordinates":[[-74.8952033259222,38.9385729753543],[-74.8953099236875,38.9388637847419],[-74.8955136163647,38.939405017828]]},"properties":{"OBJECTID":196121,"PRIMENAME":"Wilmington Avenue","ELEVTYP_F":0,"ELEVTYP_T":0}},{"type":"Feature","id":196233,"geometry":{"type":"LineString","coordinates":[[-74.9189403248037,38.9328995169877],[-74.9189227472978,38.9328578156998],[-74.9188848422963,38.9327847469631],[-74.9187903225862,38.932655756185],[-74.9186044918277,38.9323928756578],[-74.9182841004699,38.9319466957876]]},"properties":{"OBJECTID":196233,"PRIMENAME":"Stockton Place","ELEVTYP_F":0,"ELEVTYP_T":0}},{"type":"Feature","id":196948,"geometry":{"type":"LineString","coordinates":[[-74.9347713076309,38.9487748620557],[-74.9346243904782,38.949177291822],[-74.9343745133348,38.9498566394959],[-74.9343445034973,38.9499372932635],[-74.9341527120098,38.950452737449],[-74.9341003956015,38.9506096929325],[-74.9340602305199,38.9507410663031],[-74.9340161645073,38.9509076015151],[-74.9339923273975,38.9510293307083],[-74.9339566302449,38.9512246661387],[-74.9339251099104,38.9514359944404],[-74.9338341285947,38.9519707570113],[-74.9337035672745,38.9527392560619],[-74.9336704514957,38.9529544341726]]},"properties":{"OBJECTID":196948,"PRIMENAME":"Shunpike Road","ELEVTYP_F":0,"ELEVTYP_T":0}},{"type":"Feature","id":196975,"geometry":{"type":"LineString","coordinates":[[-74.9283808448285,38.9345643091133],[-74.9285586158073,38.9338547860163]]},"properties":{"OBJECTID":196975,"PRIMENAME":"Park Boulevard","ELEVTYP_F":0,"ELEVTYP_T":0}},{"type":"Feature","id":197399,"geometry":{"type":"LineString","coordinates":[[-74.886851623584,38.9486818719806],[-74.8857866233263,38.9489088737732],[-74.8852286245025,38.9490178733677],[-74.8851976232955,38.9490208728784]]},"properties":{"OBJECTID":197399,"PRIMENAME":"Harbor Patrol Road","ELEVTYP_F":0,"ELEVTYP_T":0}},{"type":"Feature","id":197596,"geometry":{"type":"LineString","coordinates":[[-74.9336345949507,38.9531873335008],[-74.9335261463303,38.9538919641398],[-74.9333202535191,38.9550767663318],[-74.9332222878728,38.955645689693]]},"properties":{"OBJECTID":197596,"PRIMENAME":"Shunpike Road","ELEVTYP_F":0,"ELEVTYP_T":0}},{"type":"Feature","id":197704,"geometry":{"type":"LineString","coordinates":[[-74.9126999248808,38.9401782539464],[-74.9125434743717,38.9403678320078],[-74.91249967192,38.9404296036037],[-74.9124872430057,38.9404690785974],[-74.9124987898995,38.9405065238851],[-74.9125001430063,38.94051090724],[-74.9125286585938,38.9405354641709],[-74.9125824685504,38.9405623757502],[-74.9125892067229,38.9405652347162]]},"properties":{"OBJECTID":197704,"PRIMENAME":"Michigan Avenue","ELEVTYP_F":0,"ELEVTYP_T":0}},{"type":"Feature","id":198013,"geometry":{"type":"LineString","coordinates":[[-74.9062766494313,38.9441756895748],[-74.9065124079642,38.9446007231755],[-74.9067086608389,38.9449542829291]]},"properties":{"OBJECTID":198013,"PRIMENAME":"Pittsburg Avenue","ELEVTYP_F":0,"ELEVTYP_T":0}},{"type":"Feature","id":198165,"geometry":{"type":"LineString","coordinates":[[-74.9263515035935,38.932075231029],[-74.9251434831199,38.9327916662469],[-74.9249525661577,38.9329000542046]]},"properties":{"OBJECTID":198165,"PRIMENAME":"North Street","ELEVTYP_F":0,"ELEVTYP_T":0}},{"type":"Feature","id":198356,"geometry":{"type":"LineString","coordinates":[[-74.9038669151906,38.935098394171],[-74.9029661921839,38.9354022609841],[-74.9016696023425,38.9358388180567]]},"properties":{"OBJECTID":198356,"PRIMENAME":"New Jersey Avenue","ELEVTYP_F":0,"ELEVTYP_T":0}},{"type":"Feature","id":198486,"geometry":{"type":"LineString","coordinates":[[-74.9061513520458,38.9535133184998],[-74.9062204009283,38.9535410078055],[-74.9062738819631,38.9535578976051],[-74.9063522085709,38.9535707100351],[-74.9064404558016,38.9535733522006],[-74.9065357612253,38.9535621945432],[-74.9066451342623,38.9535345019125],[-74.9067063825017,38.9535051904661],[-74.9067650047486,38.9534682028351],[-74.9068287500555,38.9534024506213]]},"properties":{"OBJECTID":198486,"PRIMENAME":"5th Avenue","ELEVTYP_F":0,"ELEVTYP_T":0}},{"type":"Feature","id":198976,"geometry":{"type":"LineString","coordinates":[[-74.9189403248037,38.9328995169877],[-74.9184752469008,38.9333777566446],[-74.9184170604092,38.9334369740613]]},"properties":{"OBJECTID":198976,"PRIMENAME":"Columbia Avenue","ELEVTYP_F":0,"ELEVTYP_T":0}},{"type":"Feature","id":199024,"geometry":{"type":"LineString","coordinates":[[-74.8948813946298,38.9376947034898],[-74.8952033259222,38.9385729753543]]},"properties":{"OBJECTID":199024,"PRIMENAME":"Wilmington Avenue","ELEVTYP_F":0,"ELEVTYP_T":0}},{"type":"Feature","id":199107,"geometry":{"type":"LineString","coordinates":[[-74.8907526244048,38.9462468723316],[-74.891056625272,38.9471098716924]]},"properties":{"OBJECTID":199107,"PRIMENAME":"Massachusetts Avenue","ELEVTYP_F":0,"ELEVTYP_T":0}},{"type":"Feature","id":199486,"geometry":{"type":"LineString","coordinates":[[-74.9101718539645,38.941941080903],[-74.9105991960873,38.9427159424039]]},"properties":{"OBJECTID":199486,"PRIMENAME":"Reading Avenue","ELEVTYP_F":0,"ELEVTYP_T":0}},{"type":"Feature","id":199578,"geometry":{"type":"LineString","coordinates":[[-74.9315501221578,38.9391376675815],[-74.9335725830561,38.9396236987893]]},"properties":{"OBJECTID":199578,"PRIMENAME":"Ceas Alley","ELEVTYP_F":0,"ELEVTYP_T":0}},{"type":"Feature","id":199886,"geometry":{"type":"LineString","coordinates":[[-74.9305659122736,38.9356249027344],[-74.9327233587381,38.9361387754266]]},"properties":{"OBJECTID":199886,"PRIMENAME":"McCullough Alley","ELEVTYP_F":0,"ELEVTYP_T":0}},{"type":"Feature","id":199983,"geometry":{"type":"LineString","coordinates":[[-74.9321357278223,38.9376430726728],[-74.9325716647745,38.9377492335281],[-74.9341866748969,38.9381270529105]]},"properties":{"OBJECTID":199983,"PRIMENAME":"3rd Avenue","ELEVTYP_F":0,"ELEVTYP_T":0}},{"type":"Feature","id":200046,"geometry":{"type":"LineString","coordinates":[[-74.8764336650519,38.9463911578882],[-74.8767526204661,38.9467458732193],[-74.8769956210658,38.94701687376],[-74.8773846214152,38.9473858731623],[-74.8777646222443,38.9476808732175],[-74.8783026222146,38.9479648730028],[-74.8786736225383,38.9480968733996],[-74.8792686225738,38.948253872884],[-74.8797106220186,38.9483168731844],[-74.8806886242803,38.9483988736361],[-74.880999816965,38.9483842100656]]},"properties":{"OBJECTID":200046,"PRIMENAME":"Arcus Road","ELEVTYP_F":0,"ELEVTYP_T":0}},{"type":"Feature","id":200717,"geometry":{"type":"LineString","coordinates":[[-74.9170517317973,38.9369231966185],[-74.9175596143837,38.9373417719996],[-74.9176005834508,38.9373854221407],[-74.9176237400072,38.9374191408432],[-74.9176508764847,38.9374541083206]]},"properties":{"OBJECTID":200717,"PRIMENAME":"Queen Street","ELEVTYP_F":0,"ELEVTYP_T":0}},{"type":"Feature","id":201099,"geometry":{"type":"LineString","coordinates":[[-74.9141529835739,38.9419597544564],[-74.9141214685963,38.942000009919],[-74.9137899037256,38.9424146128311],[-74.9136455157831,38.9425951597618],[-74.9133288794021,38.9430224656391]]},"properties":{"OBJECTID":201099,"PRIMENAME":"Washington Street","ELEVTYP_F":0,"ELEVTYP_T":0}},{"type":"Feature","id":201331,"geometry":{"type":"LineString","coordinates":[[-74.9283522086296,38.9346897072429],[-74.9283628310173,38.9346431878591]]},"properties":{"OBJECTID":201331,"PRIMENAME":"Park Boulevard","ELEVTYP_F":0,"ELEVTYP_T":0}},{"type":"Feature","id":201745,"geometry":{"type":"LineString","coordinates":[[-74.9239544799498,38.9521562717355],[-74.925658531007,38.9524697685211]]},"properties":{"OBJECTID":201745,"PRIMENAME":"Mayflower Avenue","ELEVTYP_F":0,"ELEVTYP_T":0}},{"type":"Feature","id":202730,"geometry":{"type":"LineString","coordinates":[[-74.8896666271233,38.9464908729302],[-74.8899556266828,38.9473538729749]]},"properties":{"OBJECTID":202730,"PRIMENAME":"Cammel Avenue","ELEVTYP_F":0,"ELEVTYP_T":0}},{"type":"Feature","id":203841,"geometry":{"type":"LineString","coordinates":[[-74.9283628310173,38.9346431878591],[-74.9283808448285,38.9345643091133]]},"properties":{"OBJECTID":203841,"PRIMENAME":"Park Boulevard","ELEVTYP_F":0,"ELEVTYP_T":0}},{"type":"Feature","id":204669,"geometry":{"type":"LineString","coordinates":[[-74.9388746647705,38.947022364824],[-74.9388646530104,38.9470385532327],[-74.9387813566736,38.9471705571021],[-74.9387475084901,38.9472354036085],[-74.938694833677,38.9473379951708],[-74.9386898925149,38.9473488286638],[-74.9386271686382,38.9474863107471],[-74.938626104362,38.9474886434906],[-74.9385659502726,38.9476560355107]]},"properties":{"OBJECTID":204669,"PRIMENAME":"Bayshore Road","ELEVTYP_F":0,"ELEVTYP_T":0}},{"type":"Feature","id":205761,"geometry":{"type":"LineString","coordinates":[[-74.9055803979783,38.9467266762206],[-74.9055501931497,38.9467267811731],[-74.9055252001437,38.9467219798951],[-74.9054938773184,38.9467107215523],[-74.9054583944441,38.946697829062],[-74.9054301676809,38.9466808484374],[-74.9054029629481,38.9466581797726],[-74.9053716051813,38.9466347012299],[-74.9053455115461,38.9466217769963],[-74.9053194549738,38.9466153596051],[-74.9052944102627,38.9466138268098],[-74.9052663201086,38.9466147477402],[-74.9052444963804,38.9466229511533],[-74.9052226854078,38.9466335985758],[-74.9052060933953,38.9466466710328],[-74.9051905683759,38.946662156815],[-74.9051834153377,38.9466841484366],[-74.9051793515747,38.9467053059393],[-74.9051836744985,38.9467296738533],[-74.905191091553,38.9467540589528],[-74.9052078976486,38.9467783835299],[-74.9052287759347,38.9467953906216],[-74.9052580617851,38.9468131919124],[-74.9052976962888,38.9468203585379],[-74.9053362024283,38.9468210211908],[-74.9053709974155,38.9468146068811],[-74.9053809877339,38.9468127650408],[-74.9054246202668,38.9467995977365],[-74.9054578402638,38.9467856431929],[-74.9054817555062,38.9467741929493],[-74.9055066557555,38.9467627104509],[-74.9055461374045,38.9467430505453],[-74.9055803979783,38.9467266762206]]},"properties":{"OBJECTID":205761,"PRIMENAME":"Harbor Cove","ELEVTYP_F":0,"ELEVTYP_T":0}},{"type":"Feature","id":205938,"geometry":{"type":"LineString","coordinates":[[-74.9121163332982,38.9429450640689],[-74.9125343865237,38.9431498557528],[-74.9130312953594,38.9434011013164]]},"properties":{"OBJECTID":205938,"PRIMENAME":"West Street","ELEVTYP_F":0,"ELEVTYP_T":0}},{"type":"Feature","id":206053,"geometry":{"type":"LineString","coordinates":[[-74.9237048800388,38.9328693052477],[-74.9236396640974,38.932774452341]]},"properties":{"OBJECTID":206053,"PRIMENAME":"Jackson Street","ELEVTYP_F":0,"ELEVTYP_T":0}},{"type":"Feature","id":206943,"geometry":{"type":"LineString","coordinates":[[-74.910481412501,38.9478743845285],[-74.9104016232534,38.9480269002062],[-74.9102956709607,38.9482332112823],[-74.9102771868911,38.9482657868052]]},"properties":{"OBJECTID":206943,"PRIMENAME":"State Highway 109","ELEVTYP_F":0,"ELEVTYP_T":0}},{"type":"Feature","id":207016,"geometry":{"type":"LineString","coordinates":[[-74.9105991960873,38.9427159424039],[-74.9099268709366,38.9429446733041],[-74.9090860636443,38.9432309952601],[-74.9084673325203,38.9434385252321]]},"properties":{"OBJECTID":207016,"PRIMENAME":"Missouri Avenue","ELEVTYP_F":0,"ELEVTYP_T":0}},{"type":"Feature","id":207050,"geometry":{"type":"LineString","coordinates":[[-74.9098002555602,38.9457722231283],[-74.9093226813754,38.9463528342563]]},"properties":{"OBJECTID":207050,"PRIMENAME":"Massachusetts Avenue","ELEVTYP_F":0,"ELEVTYP_T":0}},{"type":"Feature","id":208431,"geometry":{"type":"LineString","coordinates":[[-74.9137807529352,38.9350953050812],[-74.9132970612478,38.935167531603]]},"properties":{"OBJECTID":208431,"PRIMENAME":"Wenonah Avenue","ELEVTYP_F":0,"ELEVTYP_T":0}},{"type":"Feature","id":208571,"geometry":{"type":"LineString","coordinates":[[-74.9084673325203,38.9434385252321],[-74.9078389472326,38.9436493251829],[-74.9062766494313,38.9441756895748]]},"properties":{"OBJECTID":208571,"PRIMENAME":"Missouri Avenue","ELEVTYP_F":0,"ELEVTYP_T":0}},{"type":"Feature","id":208626,"geometry":{"type":"LineString","coordinates":[[-74.9058448567601,38.9433967649223],[-74.9058619118868,38.9434278432738],[-74.9062766494313,38.9441756895748]]},"properties":{"OBJECTID":208626,"PRIMENAME":"Pittsburg Avenue","ELEVTYP_F":0,"ELEVTYP_T":0}},{"type":"Feature","id":208695,"geometry":{"type":"LineString","coordinates":[[-74.9051971670439,38.9375114028457],[-74.9052999744201,38.9376976549244],[-74.9056366295334,38.9383052693623]]},"properties":{"OBJECTID":208695,"PRIMENAME":"Trenton Avenue","ELEVTYP_F":0,"ELEVTYP_T":0}},{"type":"Feature","id":208928,"geometry":{"type":"LineString","coordinates":[[-74.9118996359795,38.9423250461139],[-74.9118291431948,38.9423318018318],[-74.9117628954171,38.9423369506958],[-74.9116652242126,38.9423619529076],[-74.9112809923919,38.942484042836],[-74.9112210214973,38.9425044642381]]},"properties":{"OBJECTID":208928,"PRIMENAME":"Missouri Avenue","ELEVTYP_F":0,"ELEVTYP_T":0}},{"type":"Feature","id":209460,"geometry":{"type":"LineString","coordinates":[[-74.9112210214973,38.9425044642381],[-74.911520671277,38.9426525624347]]},"properties":{"OBJECTID":209460,"PRIMENAME":"West Street","ELEVTYP_F":0,"ELEVTYP_T":0}},{"type":"Feature","id":210217,"geometry":{"type":"LineString","coordinates":[[-74.9231961253593,38.9336061621421],[-74.9232787651108,38.9336455404549],[-74.9235430023969,38.9338234192237],[-74.9235842004332,38.933857977574],[-74.9236323960622,38.9339165367316],[-74.9238599556749,38.9342520236394],[-74.9238629697922,38.93425632336]]},"properties":{"OBJECTID":210217,"PRIMENAME":"Bank Street","ELEVTYP_F":0,"ELEVTYP_T":0}},{"type":"Feature","id":210957,"geometry":{"type":"LineString","coordinates":[[-74.9108188548778,38.9473518969999],[-74.9105565279884,38.9477566659727]]},"properties":{"OBJECTID":210957,"PRIMENAME":"State Highway 109","ELEVTYP_F":0,"ELEVTYP_T":0}},{"type":"Feature","id":212109,"geometry":{"type":"LineString","coordinates":[[-74.9343826042123,38.9376230531169],[-74.9343868879238,38.9376120366558],[-74.9345818126178,38.9371238117547]]},"properties":{"OBJECTID":212109,"PRIMENAME":"Atlantic Avenue","ELEVTYP_F":0,"ELEVTYP_T":0}},{"type":"Feature","id":212382,"geometry":{"type":"LineString","coordinates":[[-74.9122999745751,38.9412324561878],[-74.9122848888547,38.9411896749214],[-74.9122402294635,38.9411035851919],[-74.9118477957366,38.9403959904996]]},"properties":{"OBJECTID":212382,"PRIMENAME":"Philadelphia Avenue","ELEVTYP_F":0,"ELEVTYP_T":0}},{"type":"Feature","id":213179,"geometry":{"type":"LineString","coordinates":[[-74.9174397099543,38.939539793029],[-74.9169385895079,38.9400562951382]]},"properties":{"OBJECTID":213179,"PRIMENAME":"Lafayette Street","ELEVTYP_F":0,"ELEVTYP_T":0}},{"type":"Feature","id":213565,"geometry":{"type":"LineString","coordinates":[[-74.9175744338403,38.9322669323107],[-74.9177318783185,38.9321860248184],[-74.9182841004699,38.9319466957876]]},"properties":{"OBJECTID":213565,"PRIMENAME":"Kearney Avenue","ELEVTYP_F":0,"ELEVTYP_T":0}},{"type":"Feature","id":213935,"geometry":{"type":"LineString","coordinates":[[-74.9241742546796,38.9515177489295],[-74.9240410937995,38.9518969954493],[-74.9239544799498,38.9521562717355]]},"properties":{"OBJECTID":213935,"PRIMENAME":"Cape Avenue","ELEVTYP_F":0,"ELEVTYP_T":0}},{"type":"Feature","id":215288,"geometry":{"type":"LineString","coordinates":[[-74.9285586158073,38.9338547860163],[-74.9296250181362,38.9341242162079],[-74.9306148034293,38.934355394475],[-74.9307140884177,38.9343850127395],[-74.9307854643432,38.9344154483093]]},"properties":{"OBJECTID":215288,"PRIMENAME":"Congress Street","ELEVTYP_F":0,"ELEVTYP_T":0}},{"type":"Feature","id":215417,"geometry":{"type":"LineString","coordinates":[[-74.9092583603963,38.9402844726525],[-74.908258415942,38.9406199205802],[-74.907130990221,38.9410016607363]]},"properties":{"OBJECTID":215417,"PRIMENAME":"Illinois Avenue","ELEVTYP_F":0,"ELEVTYP_T":0}},{"type":"Feature","id":215435,"geometry":{"type":"LineString","coordinates":[[-74.9286840526902,38.9444001969483],[-74.9290415499167,38.9445596263341],[-74.9291664418474,38.944611777027],[-74.9292204704067,38.9446326397703],[-74.9292811986656,38.9446507581254],[-74.9293721877719,38.944660995142],[-74.9295002847937,38.9446789213937],[-74.9296082110158,38.9447048295736],[-74.9296640666479,38.9447196982124]]},"properties":{"OBJECTID":215435,"PRIMENAME":"Farmdale Road","ELEVTYP_F":0,"ELEVTYP_T":0}},{"type":"Feature","id":215438,"geometry":{"type":"LineString","coordinates":[[-74.9183159675302,38.9305551438749],[-74.9178003827268,38.9305898306993],[-74.9173566982709,38.9306262905697]]},"properties":{"OBJECTID":215438,"PRIMENAME":"Beach Avenue","ELEVTYP_F":0,"ELEVTYP_T":0}},{"type":"Feature","id":215597,"geometry":{"type":"LineString","coordinates":[[-74.9149639256322,38.9374184117586],[-74.9149225179545,38.9373837412217],[-74.91482390549,38.9372941380163],[-74.9147388297468,38.9371927338767]]},"properties":{"OBJECTID":215597,"PRIMENAME":"Madison Avenue","ELEVTYP_F":0,"ELEVTYP_T":0}},{"type":"Feature","id":216086,"geometry":{"type":"LineString","coordinates":[[-74.939711244283,38.9435572781151],[-74.9394288809587,38.9434058361282],[-74.9380740618955,38.942697830819],[-74.9372527494812,38.9422692626889]]},"properties":{"OBJECTID":216086,"PRIMENAME":"5th Avenue","ELEVTYP_F":0,"ELEVTYP_T":0}},{"type":"Feature","id":216341,"geometry":{"type":"LineString","coordinates":[[-74.9121163332982,38.9429450640689],[-74.9119175103495,38.9431908519168],[-74.9118531733408,38.9432703878837]]},"properties":{"OBJECTID":216341,"PRIMENAME":"Massachusetts Avenue","ELEVTYP_F":0,"ELEVTYP_T":0}},{"type":"Feature","id":216564,"geometry":{"type":"LineString","coordinates":[[-74.905394330511,38.9425740790111],[-74.9061348125656,38.942321384725],[-74.9067618880729,38.9421102417335],[-74.9075859385706,38.9418333856524]]},"properties":{"OBJECTID":216564,"PRIMENAME":"Pennsylvania Avenue","ELEVTYP_F":0,"ELEVTYP_T":0}},{"type":"Feature","id":218104,"geometry":{"type":"LineString","coordinates":[[-74.9058448567601,38.9433967649223],[-74.9056593883274,38.9434594552351],[-74.9047468858377,38.943767890733],[-74.9037171824853,38.9441136998136],[-74.9036529924842,38.9441348724358]]},"properties":{"OBJECTID":218104,"PRIMENAME":"Delaware Avenue","ELEVTYP_F":0,"ELEVTYP_T":0}},{"type":"Feature","id":218421,"geometry":{"type":"LineString","coordinates":[[-74.9360444461688,38.9391231117689],[-74.9361387540839,38.9388875162958],[-74.9362394822075,38.9386290299741]]},"properties":{"OBJECTID":218421,"PRIMENAME":"Columbia Avenue","ELEVTYP_F":0,"ELEVTYP_T":0}},{"type":"Feature","id":218603,"geometry":{"type":"LineString","coordinates":[[-74.9021307510167,38.9366715050432],[-74.9025735587142,38.9374729778047]]},"properties":{"OBJECTID":218603,"PRIMENAME":"Pittsburg Avenue","ELEVTYP_F":0,"ELEVTYP_T":0}},{"type":"Feature","id":219824,"geometry":{"type":"LineString","coordinates":[[-74.9130312953594,38.9434011013164],[-74.9129398171053,38.9435120832673],[-74.9125446825387,38.9439923024418],[-74.9123049139386,38.9442707560986],[-74.9118677565038,38.9448122993927],[-74.9115823892,38.9451538741712]]},"properties":{"OBJECTID":219824,"PRIMENAME":"Washington Street","ELEVTYP_F":0,"ELEVTYP_T":0}},{"type":"Feature","id":219899,"geometry":{"type":"LineString","coordinates":[[-74.9136083015816,38.934367796557],[-74.913692843748,38.9347052099663],[-74.9137807529352,38.9350953050812]]},"properties":{"OBJECTID":219899,"PRIMENAME":"Queen Street","ELEVTYP_F":0,"ELEVTYP_T":0}},{"type":"Feature","id":221205,"geometry":{"type":"LineString","coordinates":[[-74.9301504663579,38.9387567382929],[-74.9301835368204,38.9387950592291],[-74.930196251948,38.9388048147304],[-74.9302128007272,38.9388144741217],[-74.9302373976057,38.9388237741284],[-74.9302628581717,38.9388305449078],[-74.9306921477457,38.9389297068687],[-74.9315501221578,38.9391376675815]]},"properties":{"OBJECTID":221205,"PRIMENAME":"Ceas Alley","ELEVTYP_F":0,"ELEVTYP_T":0}},{"type":"Feature","id":221367,"geometry":{"type":"LineString","coordinates":[[-74.9087762288426,38.9521292454736],[-74.9085236317083,38.952566873423],[-74.9082436314613,38.9530028723914],[-74.9080366318907,38.9532978746781],[-74.9078166313917,38.9536548728968],[-74.9077956309359,38.9536878747966],[-74.9077666306332,38.9537148733317],[-74.9077306953394,38.9537294172649]]},"properties":{"OBJECTID":221367,"PRIMENAME":"Wissahickon Avenue","ELEVTYP_F":0,"ELEVTYP_T":0}},{"type":"Feature","id":221489,"geometry":{"type":"LineString","coordinates":[[-74.886851623584,38.9486818719806],[-74.8865855353781,38.948023014665]]},"properties":{"OBJECTID":221489,"PRIMENAME":"Danmark Avenue","ELEVTYP_F":0,"ELEVTYP_T":0}},{"type":"Feature","id":221813,"geometry":{"type":"LineString","coordinates":[[-74.9081276614617,38.9336652005834],[-74.9077568538678,38.9329872802495],[-74.9075862029696,38.9326793513019]]},"properties":{"OBJECTID":221813,"PRIMENAME":"Philadelphia Avenue","ELEVTYP_F":0,"ELEVTYP_T":0}},{"type":"Feature","id":221943,"geometry":{"type":"LineString","coordinates":[[-74.9187991542942,38.9361001572337],[-74.9184789251373,38.9364802892342],[-74.9178732657039,38.9371931149753],[-74.9176508764847,38.9374541083206]]},"properties":{"OBJECTID":221943,"PRIMENAME":"Washington Street","ELEVTYP_F":0,"ELEVTYP_T":0}},{"type":"Feature","id":222714,"geometry":{"type":"LineString","coordinates":[[-74.9031958423147,38.9433185170074],[-74.9038936478627,38.9430833657306],[-74.9047397277676,38.9427970475388],[-74.9048884726695,38.9427467099741],[-74.905394330511,38.9425740790111]]},"properties":{"OBJECTID":222714,"PRIMENAME":"Pennsylvania Avenue","ELEVTYP_F":0,"ELEVTYP_T":0}},{"type":"Feature","id":222762,"geometry":{"type":"LineString","coordinates":[[-74.9197234903725,38.9333588593448],[-74.9199118973423,38.9331690745684],[-74.9203559215247,38.9327111421707],[-74.9204895132837,38.932586191308],[-74.920546674651,38.9325442210169],[-74.9206422290139,38.932485059771],[-74.9208102245378,38.9323995526088],[-74.9208990480029,38.9323613939956]]},"properties":{"OBJECTID":222762,"PRIMENAME":"Hughes Street","ELEVTYP_F":0,"ELEVTYP_T":0}},{"type":"Feature","id":223104,"geometry":{"type":"LineString","coordinates":[[-74.9287342600599,38.9426133408056],[-74.9287600433048,38.9425566535033],[-74.928793330375,38.9424907686826],[-74.9289167634738,38.9422956887113],[-74.929233256053,38.9417264903485]]},"properties":{"OBJECTID":223104,"PRIMENAME":"Grand Avenue","ELEVTYP_F":0,"ELEVTYP_T":0}},{"type":"Feature","id":225401,"geometry":{"type":"LineString","coordinates":[[-74.921399871217,38.9312618479708],[-74.9214124548064,38.9312792380013],[-74.9215640534749,38.9314949275842],[-74.9218782609564,38.931932443611]]},"properties":{"OBJECTID":225401,"PRIMENAME":"Decatur Street","ELEVTYP_F":0,"ELEVTYP_T":0}},{"type":"Feature","id":226707,"geometry":{"type":"LineString","coordinates":[[-74.9377408417424,38.9496784328385],[-74.9376935593448,38.9497834468419],[-74.9376330583409,38.9499404895556],[-74.9375766153181,38.9500942765996],[-74.9375042751438,38.9503217664327],[-74.9374238824851,38.9505780907336],[-74.937343410455,38.9508215923172],[-74.9372187418633,38.9512092792985],[-74.9370980299194,38.9515713594626],[-74.9370417418092,38.9517507644986],[-74.9369975853705,38.9519013476721],[-74.936973732004,38.9520198379857],[-74.9369580140277,38.9521286603558],[-74.9369546457099,38.9522503134862],[-74.9369552351301,38.9523463059051],[-74.9369683093517,38.9524711108667],[-74.9369896206195,38.9526085980237],[-74.9370397979715,38.9527684113855],[-74.9371105209565,38.9529409698204],[-74.9372310694632,38.9532157071056],[-74.9373266692429,38.9534361704027]]},"properties":{"OBJECTID":226707,"PRIMENAME":"Bayshore Road","ELEVTYP_F":0,"ELEVTYP_T":0}},{"type":"Feature","id":227602,"geometry":{"type":"LineString","coordinates":[[-74.9146718100071,38.9375172303097],[-74.9148051545541,38.9374721220151],[-74.9149639256322,38.9374184117586]]},"properties":{"OBJECTID":227602,"PRIMENAME":"Virginia Avenue","ELEVTYP_F":0,"ELEVTYP_T":0}},{"type":"Feature","id":228213,"geometry":{"type":"LineString","coordinates":[[-74.8931283763068,38.9457162498865],[-74.8931797797273,38.9457053266675],[-74.8939554823575,38.9455311864531],[-74.8945249001959,38.9454050954302],[-74.8952377302744,38.9452479288785],[-74.8963106604591,38.9450113584068],[-74.8974721823476,38.9447508907631]]},"properties":{"OBJECTID":228213,"PRIMENAME":"Pennsylvania Avenue","ELEVTYP_F":0,"ELEVTYP_T":0}},{"type":"Feature","id":229400,"geometry":{"type":"LineString","coordinates":[[-74.9234029801314,38.9324448023138],[-74.9234006358502,38.9324458684391],[-74.9225391162326,38.9328363771357]]},"properties":{"OBJECTID":229400,"PRIMENAME":"Washington Street","ELEVTYP_F":0,"ELEVTYP_T":0}},{"type":"Feature","id":229785,"geometry":{"type":"LineString","coordinates":[[-74.9093226813754,38.9463528342563],[-74.909380860661,38.9463564201699],[-74.9096215408391,38.9463919303326],[-74.9098117465955,38.9464245975157],[-74.9100914029706,38.9464932497536],[-74.9101774780322,38.9465232345131]]},"properties":{"OBJECTID":229785,"PRIMENAME":"Texas Avenue","ELEVTYP_F":0,"ELEVTYP_T":0}},{"type":"Feature","id":230118,"geometry":{"type":"LineString","coordinates":[[-74.891056625272,38.9471098716924],[-74.8899556266828,38.9473538729749]]},"properties":{"OBJECTID":230118,"PRIMENAME":"Delaware Avenue","ELEVTYP_F":0,"ELEVTYP_T":0}},{"type":"Feature","id":230795,"geometry":{"type":"LineString","coordinates":[[-74.9304246800206,38.9366822495358],[-74.931158047199,38.9368530262262],[-74.9317537105958,38.9370014895853],[-74.9323295129672,38.9371500234577]]},"properties":{"OBJECTID":230795,"PRIMENAME":"Goldbeatten Alley","ELEVTYP_F":0,"ELEVTYP_T":0}},{"type":"Feature","id":231347,"geometry":{"type":"LineString","coordinates":[[-74.9358474880683,38.9396151301806],[-74.9355949601936,38.9395551695608],[-74.9347862699964,38.9393598789389],[-74.9337898497764,38.9391207703534]]},"properties":{"OBJECTID":231347,"PRIMENAME":"4th Avenue","ELEVTYP_F":0,"ELEVTYP_T":0}},{"type":"Feature","id":231424,"geometry":{"type":"LineString","coordinates":[[-74.9349473919144,38.9488284824058],[-74.934983041751,38.9487896915056]]},"properties":{"OBJECTID":231424,"PRIMENAME":"Westwood Drive","ELEVTYP_F":0,"ELEVTYP_T":0}},{"type":"Feature","id":231767,"geometry":{"type":"LineString","coordinates":[[-74.9094546140364,38.9360712260315],[-74.9099797249661,38.9358940599745],[-74.9116810815316,38.9353209424563],[-74.9130723206653,38.9348554096997]]},"properties":{"OBJECTID":231767,"PRIMENAME":"Idaho Avenue","ELEVTYP_F":0,"ELEVTYP_T":0}},{"type":"Feature","id":231843,"geometry":{"type":"LineString","coordinates":[[-74.9240024660027,38.9344564018615],[-74.9233114026859,38.9351202227395]]},"properties":{"OBJECTID":231843,"PRIMENAME":"Broad Street","ELEVTYP_F":0,"ELEVTYP_T":0}},{"type":"Feature","id":231855,"geometry":{"type":"LineString","coordinates":[[-74.9362394822075,38.9386290299741],[-74.936329115583,38.938654231001],[-74.9366834302758,38.9387608734213],[-74.9373469058515,38.9389492259912],[-74.9377075495615,38.9390382683184],[-74.9379071530446,38.9390852143883],[-74.9381132577378,38.939137189592],[-74.9383740446628,38.9391964813388],[-74.9387153074299,38.9392780422418],[-74.9395846983735,38.9394857081315],[-74.939671627624,38.939505452094],[-74.9397069968571,38.939505318863],[-74.9397432716547,38.9394980986746]]},"properties":{"OBJECTID":231855,"PRIMENAME":"3rd Avenue","ELEVTYP_F":0,"ELEVTYP_T":0}},{"type":"Feature","id":233383,"geometry":{"type":"LineString","coordinates":[[-74.8767645345613,38.9449719329588],[-74.8770815314567,38.9455854349764],[-74.8771175991615,38.9457367816913],[-74.877043410558,38.9458781588351],[-74.8764336650519,38.9463911578882]]},"properties":{"OBJECTID":233383,"PRIMENAME":"Unnamed Segment","ELEVTYP_F":0,"ELEVTYP_T":0}},{"type":"Feature","id":234217,"geometry":{"type":"LineString","coordinates":[[-74.9056366295334,38.9383052693623],[-74.9058169487056,38.9386306306114]]},"properties":{"OBJECTID":234217,"PRIMENAME":"Trenton Avenue","ELEVTYP_F":0,"ELEVTYP_T":0}},{"type":"Feature","id":234253,"geometry":{"type":"LineString","coordinates":[[-74.9098972392302,38.9368702275233],[-74.9097547875797,38.9366149507265],[-74.9094546140364,38.9360712260315]]},"properties":{"OBJECTID":234253,"PRIMENAME":"Philadelphia Avenue","ELEVTYP_F":0,"ELEVTYP_T":0}},{"type":"Feature","id":234422,"geometry":{"type":"LineString","coordinates":[[-74.939711244283,38.9435572781151],[-74.939318627893,38.9440173689013],[-74.9390041316275,38.9443913288927]]},"properties":{"OBJECTID":234422,"PRIMENAME":"State Street","ELEVTYP_F":0,"ELEVTYP_T":0}},{"type":"Feature","id":234583,"geometry":{"type":"LineString","coordinates":[[-74.9061815955879,38.9450260734695],[-74.9062818119187,38.9450371287842],[-74.9063418184364,38.9450467772099],[-74.9063799973769,38.9450644517733]]},"properties":{"OBJECTID":234583,"PRIMENAME":"Baltimore Avenue","ELEVTYP_F":0,"ELEVTYP_T":0}},{"type":"Feature","id":234868,"geometry":{"type":"LineString","coordinates":[[-74.9302861340497,38.9377079808668],[-74.9302597787253,38.9379079206604],[-74.9302110852205,38.9382688516179]]},"properties":{"OBJECTID":234868,"PRIMENAME":"Broadway","ELEVTYP_F":0,"ELEVTYP_T":0}},{"type":"Feature","id":236185,"geometry":{"type":"LineString","coordinates":[[-74.9100782012018,38.9371945097482],[-74.9098972392302,38.9368702275233]]},"properties":{"OBJECTID":236185,"PRIMENAME":"Philadelphia Avenue","ELEVTYP_F":0,"ELEVTYP_T":0}},{"type":"Feature","id":236451,"geometry":{"type":"LineString","coordinates":[[-74.9303745513737,38.9370381050196],[-74.9303520270244,38.9372088155215]]},"properties":{"OBJECTID":236451,"PRIMENAME":"Broadway","ELEVTYP_F":0,"ELEVTYP_T":0}},{"type":"Feature","id":237105,"geometry":{"type":"LineString","coordinates":[[-74.900017183151,38.9451073405031],[-74.8997555573932,38.9451662023721],[-74.899100915462,38.9453107871751],[-74.898535390246,38.9454398799054],[-74.8977969935093,38.9456042669834]]},"properties":{"OBJECTID":237105,"PRIMENAME":"Delaware Avenue","ELEVTYP_F":0,"ELEVTYP_T":0}},{"type":"Feature","id":237186,"geometry":{"type":"LineString","coordinates":[[-74.8931283763068,38.9457162498865],[-74.893146158722,38.9457671206458],[-74.893158031469,38.945809476471],[-74.8932053220818,38.9459426017006],[-74.8932211777596,38.9460122098136],[-74.8932214788663,38.9460667141001],[-74.8932063092455,38.9461212984317],[-74.8931988061886,38.9461697607515],[-74.8931990739076,38.9462182239192],[-74.8932070620605,38.9462575722071],[-74.8932623053573,38.9464300178813],[-74.8933055109757,38.9465237807216],[-74.8933186921882,38.946542133858],[-74.8933322558093,38.9465530715496],[-74.8933610458172,38.9465643696231],[-74.8933704095565,38.9465662055677],[-74.8933903232741,38.9465684726051],[-74.8934182374731,38.9465686686002]]},"properties":{"OBJECTID":237186,"PRIMENAME":"Delaware Avenue","ELEVTYP_F":0,"ELEVTYP_T":0}},{"type":"Feature","id":238342,"geometry":{"type":"LineString","coordinates":[[-74.9408113106508,38.9422825120311],[-74.940616336544,38.9425139273665],[-74.9403559602366,38.9428074806136],[-74.9400004595729,38.9432183931151],[-74.939711244283,38.9435572781151]]},"properties":{"OBJECTID":238342,"PRIMENAME":"State Street","ELEVTYP_F":0,"ELEVTYP_T":0}},{"type":"Feature","id":238496,"geometry":{"type":"LineString","coordinates":[[-74.9261626995067,38.9493870291287],[-74.9261186607289,38.9496685832658],[-74.9261186318937,38.9496687770577],[-74.9261184685586,38.94966982176],[-74.9260695923713,38.9499814888238]]},"properties":{"OBJECTID":238496,"PRIMENAME":"Seashore Road","ELEVTYP_F":0,"ELEVTYP_T":0}},{"type":"Feature","id":238893,"geometry":{"type":"LineString","coordinates":[[-74.9130834755477,38.9322268407848],[-74.9130025121225,38.9322389890337],[-74.9122763745619,38.9323480127113],[-74.9117619591953,38.9324237475732],[-74.9115426216765,38.9324659007717],[-74.9114255474102,38.9325136245077],[-74.9114068647965,38.9325230269813]]},"properties":{"OBJECTID":238893,"PRIMENAME":"Stockton Avenue","ELEVTYP_F":0,"ELEVTYP_T":0}},{"type":"Feature","id":239147,"geometry":{"type":"LineString","coordinates":[[-74.9181216803555,38.9342933398071],[-74.9178318312555,38.9341582660286],[-74.9177453323134,38.9341200787107]]},"properties":{"OBJECTID":239147,"PRIMENAME":"Franklin Street","ELEVTYP_F":0,"ELEVTYP_T":0}},{"type":"Feature","id":239711,"geometry":{"type":"LineString","coordinates":[[-74.9036529924842,38.9441348724358],[-74.9029391107099,38.94437079214],[-74.9024474682197,38.944536059182],[-74.9020448046447,38.9446555454165],[-74.9016961900947,38.9447324763773],[-74.9012894681847,38.9448247632131],[-74.900689052743,38.9449570348649],[-74.9002203717087,38.9450616122172],[-74.900017183151,38.9451073405031]]},"properties":{"OBJECTID":239711,"PRIMENAME":"Delaware Avenue","ELEVTYP_F":0,"ELEVTYP_T":0}},{"type":"Feature","id":240160,"geometry":{"type":"LineString","coordinates":[[-74.8741126218903,38.944466874228],[-74.8740688235944,38.9445617293756],[-74.8738550310431,38.9447753331717],[-74.8727477289143,38.94526232916],[-74.8733593211896,38.9456686784237],[-74.8734584133637,38.9458728021189],[-74.8735681254887,38.945973019639],[-74.8737647413967,38.9460948229116],[-74.8739639613316,38.9461794485192],[-74.8741658895968,38.9462465765175],[-74.8742982649155,38.946397005438],[-74.8746565328781,38.946911816511],[-74.8748206963312,38.9472501623776],[-74.8751236201127,38.9475768724109],[-74.8755016709316,38.9479921197525],[-74.8760590218079,38.9483663680684],[-74.8762709806214,38.9485660572317],[-74.8764135903805,38.9488483793969],[-74.8765571099761,38.9489965283684],[-74.876789446062,38.9490700849736],[-74.8773008613731,38.9490591449364],[-74.8785434908472,38.9489901029745],[-74.879089672233,38.9488072087342],[-74.8800223953895,38.9486184100563],[-74.8806835890205,38.9484589176836],[-74.880999816965,38.9483842100656]]},"properties":{"OBJECTID":240160,"PRIMENAME":"Munro Avenue","ELEVTYP_F":0,"ELEVTYP_T":0}},{"type":"Feature","id":241015,"geometry":{"type":"LineString","coordinates":[[-74.9165550934539,38.9331852753124],[-74.9155094203547,38.9333367845652]]},"properties":{"OBJECTID":241015,"PRIMENAME":"Benton Avenue","ELEVTYP_F":0,"ELEVTYP_T":0}},{"type":"Feature","id":241283,"geometry":{"type":"LineString","coordinates":[[-74.9343826042123,38.9376230531169],[-74.9343835837857,38.9376232864003],[-74.9364306410503,38.9381108685571],[-74.9364404689771,38.9381131623606]]},"properties":{"OBJECTID":241283,"PRIMENAME":"Goldbeaten Alley","ELEVTYP_F":0,"ELEVTYP_T":0}},{"type":"Feature","id":241618,"geometry":{"type":"LineString","coordinates":[[-74.9011195789268,38.9348485749329],[-74.9016696023425,38.9358388180567]]},"properties":{"OBJECTID":241618,"PRIMENAME":"Pittsburg Avenue","ELEVTYP_F":0,"ELEVTYP_T":0}},{"type":"Feature","id":242456,"geometry":{"type":"LineString","coordinates":[[-74.9077636126454,38.9375870655506],[-74.9079222034927,38.9378804284912],[-74.9079430226165,38.9379180562549]]},"properties":{"OBJECTID":242456,"PRIMENAME":"Reading Avenue","ELEVTYP_F":0,"ELEVTYP_T":0}},{"type":"Feature","id":242512,"geometry":{"type":"LineString","coordinates":[[-74.940144408295,38.9384926471716],[-74.9403346403388,38.9379898706534],[-74.9381136396075,38.9374508685614],[-74.9380526406943,38.9374158680852],[-74.9368300213828,38.9371233520921]]},"properties":{"OBJECTID":242512,"PRIMENAME":"McCullough Alley","ELEVTYP_F":0,"ELEVTYP_T":0}},{"type":"Feature","id":242755,"geometry":{"type":"LineString","coordinates":[[-74.9195249352229,38.9304774365146],[-74.920076001834,38.9312493750931],[-74.9204021198241,38.9316994833812]]},"properties":{"OBJECTID":242755,"PRIMENAME":"Ocean Street","ELEVTYP_F":0,"ELEVTYP_T":0}},{"type":"Feature","id":243279,"geometry":{"type":"LineString","coordinates":[[-74.9251972892563,38.9540039082975],[-74.9251470770787,38.9541400384105],[-74.9249408066629,38.9547138214123],[-74.9247757828869,38.9551696006368],[-74.924437461742,38.9561040911244],[-74.9242765578342,38.9565500522305],[-74.9242449388411,38.9566376026212],[-74.9239523520126,38.9574477497478]]},"properties":{"OBJECTID":243279,"PRIMENAME":"Seashore Road","ELEVTYP_F":0,"ELEVTYP_T":0}},{"type":"Feature","id":243622,"geometry":{"type":"LineString","coordinates":[[-74.8877524648641,38.9468887825795],[-74.8874894240474,38.9461512819048],[-74.8873188693441,38.9456231339562],[-74.8868294590922,38.944369149095]]},"properties":{"OBJECTID":243622,"PRIMENAME":"Bear Avenue","ELEVTYP_F":0,"ELEVTYP_T":0}},{"type":"Feature","id":245796,"geometry":{"type":"LineString","coordinates":[[-74.9199389696147,38.9369607057716],[-74.9188605440486,38.9380731660386],[-74.9186391222024,38.9383013714925]]},"properties":{"OBJECTID":245796,"PRIMENAME":"Lafayette Street","ELEVTYP_F":0,"ELEVTYP_T":0}},{"type":"Feature","id":245981,"geometry":{"type":"LineString","coordinates":[[-74.9276943384165,38.9374551115414],[-74.9278168028274,38.9369768836953],[-74.9278340932144,38.9369054552064]]},"properties":{"OBJECTID":245981,"PRIMENAME":"Park Boulevard","ELEVTYP_F":0,"ELEVTYP_T":0}},{"type":"Feature","id":246054,"geometry":{"type":"LineString","coordinates":[[-74.9088154012926,38.9394910990363],[-74.9092583603963,38.9402844726525]]},"properties":{"OBJECTID":246054,"PRIMENAME":"Reading Avenue","ELEVTYP_F":0,"ELEVTYP_T":0}},{"type":"Feature","id":246209,"geometry":{"type":"LineString","coordinates":[[-74.9134276666908,38.9336472092276],[-74.9136083015816,38.934367796557]]},"properties":{"OBJECTID":246209,"PRIMENAME":"Queen Street","ELEVTYP_F":0,"ELEVTYP_T":0}},{"type":"Feature","id":247369,"geometry":{"type":"LineString","coordinates":[[-74.9095876773975,38.9493672636342],[-74.909327925336,38.9497714855817],[-74.9092554334319,38.9498783071199]]},"properties":{"OBJECTID":247369,"PRIMENAME":"State Highway 109","ELEVTYP_F":0,"ELEVTYP_T":0}},{"type":"Feature","id":248057,"geometry":{"type":"LineString","coordinates":[[-74.9182841004699,38.9319466957876],[-74.9181099227067,38.9317040638964],[-74.9177350863784,38.9311807538832],[-74.9174421337158,38.9307718730617],[-74.9173566982709,38.9306262905697]]},"properties":{"OBJECTID":248057,"PRIMENAME":"Stockton Place","ELEVTYP_F":0,"ELEVTYP_T":0}},{"type":"Feature","id":248457,"geometry":{"type":"LineString","coordinates":[[-74.9302024910524,38.9398257012433],[-74.9302224969678,38.9400701180698],[-74.9302869165148,38.9408682932049]]},"properties":{"OBJECTID":248457,"PRIMENAME":"Broadway","ELEVTYP_F":0,"ELEVTYP_T":0}},{"type":"Feature","id":248712,"geometry":{"type":"LineString","coordinates":[[-74.8877524648641,38.9468887825795],[-74.8884342978856,38.9467370864755],[-74.8885425757395,38.9467397376915]]},"properties":{"OBJECTID":248712,"PRIMENAME":"Munro Avenue","ELEVTYP_F":0,"ELEVTYP_T":0}},{"type":"Feature","id":248862,"geometry":{"type":"LineString","coordinates":[[-74.9313881379773,38.9454223901501],[-74.9310393912475,38.9452327989222]]},"properties":{"OBJECTID":248862,"PRIMENAME":"Unnamed Segment","ELEVTYP_F":0,"ELEVTYP_T":0}},{"type":"Feature","id":249043,"geometry":{"type":"LineString","coordinates":[[-74.9347784019426,38.936631327286],[-74.9348840459963,38.9363666689773],[-74.9349726579893,38.9361330783704]]},"properties":{"OBJECTID":249043,"PRIMENAME":"Atlantic Avenue","ELEVTYP_F":0,"ELEVTYP_T":0}},{"type":"Feature","id":249176,"geometry":{"type":"LineString","coordinates":[[-74.9075862029696,38.9326793513019],[-74.9065187528716,38.9330334457798],[-74.9057593204717,38.9332933200689],[-74.9054477275654,38.9333973723166]]},"properties":{"OBJECTID":249176,"PRIMENAME":"Beach Avenue","ELEVTYP_F":0,"ELEVTYP_T":0}},{"type":"Feature","id":249383,"geometry":{"type":"LineString","coordinates":[[-74.8989246384981,38.9355896264278],[-74.8985274011382,38.9357220429131],[-74.8981570406297,38.9358327022316],[-74.8979491058595,38.9358865987164],[-74.8977449863613,38.9359375981431],[-74.8975294751254,38.9359886089828],[-74.897283726984,38.9360456257457],[-74.8968715713067,38.9361327807731],[-74.8967329100841,38.9361643078515]]},"properties":{"OBJECTID":249383,"PRIMENAME":"Beach Avenue","ELEVTYP_F":0,"ELEVTYP_T":0}},{"type":"Feature","id":250212,"geometry":{"type":"LineString","coordinates":[[-74.9187991542942,38.9361001572337],[-74.9187134786102,38.9360527968379],[-74.9181212687042,38.9357620737006],[-74.9180316055535,38.935718104446]]},"properties":{"OBJECTID":250212,"PRIMENAME":"Jefferson Street","ELEVTYP_F":0,"ELEVTYP_T":0}},{"type":"Feature","id":250233,"geometry":{"type":"LineString","coordinates":[[-74.9399492976563,38.9389985821604],[-74.9399323894745,38.9390424245339],[-74.9398243314996,38.9393463679519],[-74.9397965056421,38.9394246385223],[-74.9397775146589,38.9394749317351],[-74.9397455193834,38.9394976505824],[-74.9397432716547,38.9394980986746]]},"properties":{"OBJECTID":250233,"PRIMENAME":"Morrison Avenue","ELEVTYP_F":0,"ELEVTYP_T":0}},{"type":"Feature","id":250539,"geometry":{"type":"LineString","coordinates":[[-74.931355282375,38.9396328065688],[-74.9302956245908,38.9393771789832],[-74.9301628428868,38.9393504017733]]},"properties":{"OBJECTID":250539,"PRIMENAME":"5th Avenue","ELEVTYP_F":0,"ELEVTYP_T":0}},{"type":"Feature","id":251989,"geometry":{"type":"LineString","coordinates":[[-74.9366335490548,38.9376215294041],[-74.9358775213187,38.9374339300455],[-74.935244112021,38.9372841186589],[-74.9345818126178,38.9371238117547]]},"properties":{"OBJECTID":251989,"PRIMENAME":"2nd Avenue","ELEVTYP_F":0,"ELEVTYP_T":0}},{"type":"Feature","id":253003,"geometry":{"type":"LineString","coordinates":[[-74.9199389696147,38.9369607057716],[-74.9196228388152,38.9367174888206]]},"properties":{"OBJECTID":253003,"PRIMENAME":"Jefferson Street","ELEVTYP_F":0,"ELEVTYP_T":0}},{"type":"Feature","id":254116,"geometry":{"type":"LineString","coordinates":[[-74.9034429073674,38.9390418978099],[-74.9056366295334,38.9383052693623]]},"properties":{"OBJECTID":254116,"PRIMENAME":"Cape May Avenue","ELEVTYP_F":0,"ELEVTYP_T":0}},{"type":"Feature","id":255258,"geometry":{"type":"LineString","coordinates":[[-74.9368300213828,38.9371233520921],[-74.9347784019426,38.936631327286]]},"properties":{"OBJECTID":255258,"PRIMENAME":"McCullough Alley","ELEVTYP_F":0,"ELEVTYP_T":0}},{"type":"Feature","id":255749,"geometry":{"type":"LineString","coordinates":[[-74.9240024660027,38.9344564018615],[-74.9243425609729,38.93494431343],[-74.9250627877405,38.9359346772489],[-74.9251731166516,38.9360944411473],[-74.9252041655619,38.9361423804648],[-74.9252077197356,38.9361663946259],[-74.9252044684177,38.9361930956484],[-74.9251926356677,38.9362078688785]]},"properties":{"OBJECTID":255749,"PRIMENAME":"Bank Street","ELEVTYP_F":0,"ELEVTYP_T":0}},{"type":"Feature","id":255756,"geometry":{"type":"LineString","coordinates":[[-74.9170102089363,38.9337171433148],[-74.9167150392438,38.9335432861456],[-74.9166571888239,38.9335040894636],[-74.9166318345507,38.9334788636894],[-74.9166135696481,38.9334395256913],[-74.9165951584901,38.9333692694257],[-74.9165550934539,38.9331852753124]]},"properties":{"OBJECTID":255756,"PRIMENAME":"Franklin Street","ELEVTYP_F":0,"ELEVTYP_T":0}},{"type":"Feature","id":255807,"geometry":{"type":"LineString","coordinates":[[-74.9338409141579,38.9404904884868],[-74.9336690694922,38.9404010230253],[-74.9333056039547,38.9402117948444],[-74.9332681087701,38.9401922743563],[-74.9330857357734,38.940099701272]]},"properties":{"OBJECTID":255807,"PRIMENAME":"5th Avenue","ELEVTYP_F":0,"ELEVTYP_T":0}},{"type":"Feature","id":255834,"geometry":{"type":"LineString","coordinates":[[-74.911776952597,38.9462082280715],[-74.9118230596034,38.9462250323668],[-74.9118470292939,38.9462337691007],[-74.912855632419,38.9468108708161],[-74.9128666336517,38.9468888714647],[-74.9124546315972,38.94734587221],[-74.912189655324,38.9475280063003],[-74.9119438955581,38.947582257614]]},"properties":{"OBJECTID":255834,"PRIMENAME":"Falcon Ridge Lane","ELEVTYP_F":0,"ELEVTYP_T":0}},{"type":"Feature","id":255947,"geometry":{"type":"LineString","coordinates":[[-74.9406390091331,38.9440352648186],[-74.9403278008106,38.9443939759567],[-74.940217751301,38.9445257530046],[-74.9401304979818,38.9446365204183],[-74.9400433703531,38.9447622516172],[-74.9399979841986,38.9448430135067],[-74.9399641183958,38.9449048407427]]},"properties":{"OBJECTID":255947,"PRIMENAME":"Bayshore Road","ELEVTYP_F":0,"ELEVTYP_T":0}},{"type":"Feature","id":256089,"geometry":{"type":"LineString","coordinates":[[-74.9277343541862,38.9456429394916],[-74.9275923267651,38.9457937409814],[-74.9273798514191,38.9460237704076],[-74.9270298238046,38.9463950823966],[-74.9269257023728,38.9465231451854],[-74.9268258907355,38.946654515423],[-74.9267469599582,38.946779245503],[-74.9266555782168,38.9469269499455],[-74.926605889618,38.9470319404039],[-74.9265563772805,38.9471663660713],[-74.9265110455073,38.9472942415391],[-74.926470136723,38.9474679568286],[-74.9264253424216,38.947697343743],[-74.926380852451,38.9479660235939],[-74.926320383516,38.9483788637665],[-74.9262329614531,38.9489378069167],[-74.9261626995067,38.9493870291287]]},"properties":{"OBJECTID":256089,"PRIMENAME":"Seashore Road","ELEVTYP_F":0,"ELEVTYP_T":0}},{"type":"Feature","id":256164,"geometry":{"type":"LineString","coordinates":[[-74.9317583926709,38.9456236706157],[-74.9313881379773,38.9454223901501]]},"properties":{"OBJECTID":256164,"PRIMENAME":"Unnamed Segment","ELEVTYP_F":0,"ELEVTYP_T":0}},{"type":"Feature","id":256498,"geometry":{"type":"LineString","coordinates":[[-74.9321161491927,38.9458181549711],[-74.9317583926709,38.9456236706157]]},"properties":{"OBJECTID":256498,"PRIMENAME":"Unnamed Segment","ELEVTYP_F":0,"ELEVTYP_T":0}},{"type":"Feature","id":257294,"geometry":{"type":"LineString","coordinates":[[-74.9278340932144,38.9369054552064],[-74.9280563794556,38.935984559175],[-74.9280748770645,38.9359035427559]]},"properties":{"OBJECTID":257294,"PRIMENAME":"Park Boulevard","ELEVTYP_F":0,"ELEVTYP_T":0}},{"type":"Feature","id":257310,"geometry":{"type":"LineString","coordinates":[[-74.9294778227325,38.9430016438772],[-74.9293688313078,38.9431951614379],[-74.929321782589,38.9432794477331]]},"properties":{"OBJECTID":257310,"PRIMENAME":"Broadway","ELEVTYP_F":0,"ELEVTYP_T":0}},{"type":"Feature","id":257433,"geometry":{"type":"LineString","coordinates":[[-74.9233114026859,38.9351202227395],[-74.923369971443,38.9351907430659],[-74.9236939952069,38.93564870226],[-74.9243728754213,38.9365858419352]]},"properties":{"OBJECTID":257433,"PRIMENAME":"Elmira Street","ELEVTYP_F":0,"ELEVTYP_T":0}},{"type":"Feature","id":257916,"geometry":{"type":"LineString","coordinates":[[-74.9307854643432,38.9344154483093],[-74.9307223251576,38.9346249156301],[-74.930672970239,38.9347943253082],[-74.930631979881,38.9349517315383],[-74.9306170876597,38.9350993219881]]},"properties":{"OBJECTID":257916,"PRIMENAME":"South Broadway","ELEVTYP_F":0,"ELEVTYP_T":0}},{"type":"Feature","id":259105,"geometry":{"type":"LineString","coordinates":[[-74.8866438539738,38.9459864963141],[-74.8861110225022,38.9445187795377]]},"properties":{"OBJECTID":259105,"PRIMENAME":"Eagle Avenue","ELEVTYP_F":0,"ELEVTYP_T":0}},{"type":"Feature","id":259120,"geometry":{"type":"LineString","coordinates":[[-74.9058448567601,38.9433967649223],[-74.9065476027746,38.9431597410431],[-74.9080369177344,38.942657846209]]},"properties":{"OBJECTID":259120,"PRIMENAME":"Delaware Avenue","ELEVTYP_F":0,"ELEVTYP_T":0}},{"type":"Feature","id":259129,"geometry":{"type":"LineString","coordinates":[[-74.9196228388152,38.9367174888206],[-74.9192179923233,38.9364059982858]]},"properties":{"OBJECTID":259129,"PRIMENAME":"Jefferson Street","ELEVTYP_F":0,"ELEVTYP_T":0}},{"type":"Feature","id":259179,"geometry":{"type":"LineString","coordinates":[[-74.9406390091331,38.9440352648186],[-74.9403030692071,38.9438746095325],[-74.939711244283,38.9435572781151]]},"properties":{"OBJECTID":259179,"PRIMENAME":"5th Avenue","ELEVTYP_F":0,"ELEVTYP_T":0}},{"type":"Feature","id":260204,"geometry":{"type":"LineString","coordinates":[[-74.9109556299549,38.9387709512291],[-74.910519641294,38.9379867851645]]},"properties":{"OBJECTID":260204,"PRIMENAME":"Philadelphia Avenue","ELEVTYP_F":0,"ELEVTYP_T":0}},{"type":"Feature","id":261105,"geometry":{"type":"LineString","coordinates":[[-74.9185883600398,38.9345107869058],[-74.9191851053638,38.9339012893321],[-74.9197234903725,38.9333588593448]]},"properties":{"OBJECTID":261105,"PRIMENAME":"Hughes Street","ELEVTYP_F":0,"ELEVTYP_T":0}},{"type":"Feature","id":261832,"geometry":{"type":"LineString","coordinates":[[-74.9211386998976,38.9357193192898],[-74.9208192998891,38.9355712339148],[-74.9202665066131,38.935305916513],[-74.9202257846923,38.9352864304502]]},"properties":{"OBJECTID":261832,"PRIMENAME":"Franklin Street","ELEVTYP_F":0,"ELEVTYP_T":0}},{"type":"Feature","id":262103,"geometry":{"type":"LineString","coordinates":[[-74.9319259016394,38.9333597075379],[-74.9317119366051,38.9340662120683],[-74.9315509348177,38.934584786189]]},"properties":{"OBJECTID":262103,"PRIMENAME":"Fow Avenue","ELEVTYP_F":0,"ELEVTYP_T":0}},{"type":"Feature","id":263703,"geometry":{"type":"LineString","coordinates":[[-74.9158887709455,38.9412726920073],[-74.9156711610808,38.9415308095526],[-74.9152619630617,38.9420181725516],[-74.9148945300408,38.9424572783109]]},"properties":{"OBJECTID":263703,"PRIMENAME":"Lafayette Street","ELEVTYP_F":0,"ELEVTYP_T":0}},{"type":"Feature","id":263710,"geometry":{"type":"LineString","coordinates":[[-74.8888796248083,38.9475818730452],[-74.8887996247778,38.9473728721308],[-74.8885425757395,38.9467397376915]]},"properties":{"OBJECTID":263710,"PRIMENAME":"Fraser Avenue","ELEVTYP_F":0,"ELEVTYP_T":0}},{"type":"Feature","id":265111,"geometry":{"type":"LineString","coordinates":[[-74.9347038877643,38.9531021056674],[-74.9356902372469,38.9532374775815],[-74.936321911931,38.9533278999624],[-74.9366541257787,38.9533682848158],[-74.9371094107603,38.9534241883517],[-74.9373266692429,38.9534361704027]]},"properties":{"OBJECTID":265111,"PRIMENAME":"Socs Lane","ELEVTYP_F":0,"ELEVTYP_T":0}},{"type":"Feature","id":265707,"geometry":{"type":"LineString","coordinates":[[-74.9118607476447,38.9331594539095],[-74.9130970080786,38.9329720195095],[-74.9132586210985,38.9329480248264]]},"properties":{"OBJECTID":265707,"PRIMENAME":"Kearney Avenue","ELEVTYP_F":0,"ELEVTYP_T":0}},{"type":"Feature","id":265847,"geometry":{"type":"LineString","coordinates":[[-74.9021307510167,38.9366715050432],[-74.9042448008246,38.9359625805953],[-74.9043277536153,38.9359345329612]]},"properties":{"OBJECTID":265847,"PRIMENAME":"New York Avenue","ELEVTYP_F":0,"ELEVTYP_T":0}},{"type":"Feature","id":265975,"geometry":{"type":"LineString","coordinates":[[-74.9277343541862,38.9456429394916],[-74.9267764541097,38.9451242951857],[-74.9264337922158,38.9449465999178],[-74.9262777044662,38.9448695169843],[-74.9261607072615,38.9448260655955],[-74.926052461732,38.9447994419037],[-74.9259486409109,38.9447896887501],[-74.9258448606885,38.9447867170963],[-74.9257886391392,38.9447869222011]]},"properties":{"OBJECTID":265975,"PRIMENAME":"Canning House Lane","ELEVTYP_F":0,"ELEVTYP_T":0}},{"type":"Feature","id":266280,"geometry":{"type":"LineString","coordinates":[[-74.8885425757395,38.9467397376915],[-74.8896666271233,38.9464908729302]]},"properties":{"OBJECTID":266280,"PRIMENAME":"Munro Drive","ELEVTYP_F":0,"ELEVTYP_T":0}},{"type":"Feature","id":266375,"geometry":{"type":"LineString","coordinates":[[-74.9164899010314,38.930748392396],[-74.9169975312555,38.931468247275],[-74.9171175149869,38.9316241954047]]},"properties":{"OBJECTID":266375,"PRIMENAME":"Howard Street","ELEVTYP_F":0,"ELEVTYP_T":0}},{"type":"Feature","id":267550,"geometry":{"type":"LineString","coordinates":[[-74.9174397099543,38.939539793029],[-74.9168174380071,38.939012698057],[-74.9165906381516,38.9388160532407]]},"properties":{"OBJECTID":267550,"PRIMENAME":"Madison Avenue","ELEVTYP_F":0,"ELEVTYP_T":0}},{"type":"Feature","id":268835,"geometry":{"type":"LineString","coordinates":[[-74.9308822170001,38.9344510485454],[-74.9309481352096,38.9344679802966],[-74.9310998781097,38.9344981189439],[-74.9315509348177,38.934584786189]]},"properties":{"OBJECTID":268835,"PRIMENAME":"Congress Street West","ELEVTYP_F":0,"ELEVTYP_T":0}},{"type":"Feature","id":268912,"geometry":{"type":"LineString","coordinates":[[-74.9310393912475,38.9452327989222],[-74.9309382698381,38.9453143387706],[-74.9307329407226,38.9455422831204],[-74.9315041514021,38.9458383634758]]},"properties":{"OBJECTID":268912,"PRIMENAME":"Unnamed Segment","ELEVTYP_F":0,"ELEVTYP_T":0}},{"type":"Feature","id":269384,"geometry":{"type":"LineString","coordinates":[[-74.9372067224097,38.9401048503053],[-74.9370587448106,38.9400145437058],[-74.9369209370134,38.939937022724],[-74.9368848253222,38.9399210926883],[-74.9367748421247,38.9398725753732],[-74.936612096468,38.939804921768],[-74.9364244891496,38.939753590053],[-74.9361743808741,38.9396927703221],[-74.9358474880683,38.9396151301806]]},"properties":{"OBJECTID":269384,"PRIMENAME":"4th Avenue","ELEVTYP_F":0,"ELEVTYP_T":0}},{"type":"Feature","id":269480,"geometry":{"type":"LineString","coordinates":[[-74.9390041316275,38.9443913288927],[-74.9393971265002,38.9445957066899],[-74.9399641183958,38.9449048407427]]},"properties":{"OBJECTID":269480,"PRIMENAME":"6th Avenue","ELEVTYP_F":0,"ELEVTYP_T":0}},{"type":"Feature","id":269556,"geometry":{"type":"LineString","coordinates":[[-74.929321782589,38.9432794477331],[-74.9291489547152,38.9435890660204],[-74.9286840526902,38.9444001969483]]},"properties":{"OBJECTID":269556,"PRIMENAME":"Broadway","ELEVTYP_F":0,"ELEVTYP_T":0}},{"type":"Feature","id":269670,"geometry":{"type":"LineString","coordinates":[[-74.9341866748969,38.9381270529105],[-74.9343826042123,38.9376230531169]]},"properties":{"OBJECTID":269670,"PRIMENAME":"Atlantic Avenue","ELEVTYP_F":0,"ELEVTYP_T":0}},{"type":"Feature","id":269980,"geometry":{"type":"LineString","coordinates":[[-74.932219855438,38.9444552288592],[-74.9313881379773,38.9454223901501]]},"properties":{"OBJECTID":269980,"PRIMENAME":"Unnamed Segment","ELEVTYP_F":0,"ELEVTYP_T":0}},{"type":"Feature","id":270156,"geometry":{"type":"LineString","coordinates":[[-74.9063799973769,38.9450644517733],[-74.9067086608389,38.9449542829291]]},"properties":{"OBJECTID":270156,"PRIMENAME":"Unnamed Segment","ELEVTYP_F":0,"ELEVTYP_T":0}},{"type":"Feature","id":271062,"geometry":{"type":"LineString","coordinates":[[-74.9306170876597,38.9350993219881],[-74.92924372936,38.9347685340244],[-74.9283808448285,38.9345643091133]]},"properties":{"OBJECTID":271062,"PRIMENAME":"West Perry Street","ELEVTYP_F":0,"ELEVTYP_T":0}},{"type":"Feature","id":271109,"geometry":{"type":"LineString","coordinates":[[-74.9068287500555,38.9534024506213],[-74.9068592113946,38.9533708419873],[-74.9069089445652,38.9533192371572],[-74.9071467484156,38.9530324282049],[-74.9072830914121,38.9528614623352],[-74.9074787545711,38.9525913288617],[-74.9077336624151,38.9522220007129],[-74.9079606149987,38.9518898107014]]},"properties":{"OBJECTID":271109,"PRIMENAME":"Unnamed Segment","ELEVTYP_F":0,"ELEVTYP_T":0}},{"type":"Feature","id":271754,"geometry":{"type":"LineString","coordinates":[[-74.9034429073674,38.9390418978099],[-74.9036270742914,38.9393714778017]]},"properties":{"OBJECTID":271754,"PRIMENAME":"Pittsburg Avenue","ELEVTYP_F":0,"ELEVTYP_T":0}},{"type":"Feature","id":272154,"geometry":{"type":"LineString","coordinates":[[-74.9170102089363,38.9337171433148],[-74.9171081347439,38.9336178327924],[-74.9176614993641,38.9330617123453]]},"properties":{"OBJECTID":272154,"PRIMENAME":"Sewell Avenue","ELEVTYP_F":0,"ELEVTYP_T":0}},{"type":"Feature","id":273342,"geometry":{"type":"LineString","coordinates":[[-74.8859128304205,38.9461422147569],[-74.8858700296912,38.9460202208715],[-74.885699658141,38.9455436095708],[-74.8853945667287,38.9446868848672]]},"properties":{"OBJECTID":273342,"PRIMENAME":"Danmark Avenue","ELEVTYP_F":0,"ELEVTYP_T":0}},{"type":"Feature","id":274046,"geometry":{"type":"LineString","coordinates":[[-74.9192179923233,38.9364059982858],[-74.9190459604699,38.9362736610537],[-74.9188859131087,38.9361522099162],[-74.9188451141533,38.9361255293008],[-74.9187991542942,38.9361001572337]]},"properties":{"OBJECTID":274046,"PRIMENAME":"Jefferson Street","ELEVTYP_F":0,"ELEVTYP_T":0}},{"type":"Feature","id":274785,"geometry":{"type":"LineString","coordinates":[[-74.906450710391,38.9352171352796],[-74.9069654688063,38.9350433141867],[-74.9085856809309,38.9344993010839]]},"properties":{"OBJECTID":274785,"PRIMENAME":"New York Avenue","ELEVTYP_F":0,"ELEVTYP_T":0}},{"type":"Feature","id":275012,"geometry":{"type":"LineString","coordinates":[[-74.934983041751,38.9487896915056],[-74.934983164353,38.9487895541168],[-74.9356379530055,38.9480769424542],[-74.9358208712653,38.9478778677205]]},"properties":{"OBJECTID":275012,"PRIMENAME":"Westwood Drive","ELEVTYP_F":0,"ELEVTYP_T":0}},{"type":"Feature","id":275238,"geometry":{"type":"LineString","coordinates":[[-74.9064204871165,38.9478445844838],[-74.9069321250757,38.946985957511],[-74.9069545336138,38.9469446646299],[-74.9069618229445,38.9469034235599],[-74.9069503000956,38.9468621940284],[-74.9069349632576,38.9468181211374],[-74.9069122703879,38.9467729487037]]},"properties":{"OBJECTID":275238,"PRIMENAME":"Harbor Lane","ELEVTYP_F":0,"ELEVTYP_T":0}},{"type":"Feature","id":275941,"geometry":{"type":"LineString","coordinates":[[-74.9324331201,38.9318813262816],[-74.9335603847536,38.9318425748923]]},"properties":{"OBJECTID":275941,"PRIMENAME":"Mt Vernon Avenue","ELEVTYP_F":0,"ELEVTYP_T":0}},{"type":"Feature","id":276521,"geometry":{"type":"LineString","coordinates":[[-74.9130834755477,38.9322268407848],[-74.9131416525997,38.9324624216751],[-74.9132586210985,38.9329480248264]]},"properties":{"OBJECTID":276521,"PRIMENAME":"Queen Street","ELEVTYP_F":0,"ELEVTYP_T":0}},{"type":"Feature","id":276604,"geometry":{"type":"LineString","coordinates":[[-74.9052512082701,38.9567495202169],[-74.9056303420165,38.9559892772224],[-74.9058790523608,38.9554524215647],[-74.9060669446407,38.9550468387879]]},"properties":{"OBJECTID":276604,"PRIMENAME":"Unnamed Segment","ELEVTYP_F":0,"ELEVTYP_T":0}},{"type":"Feature","id":278708,"geometry":{"type":"LineString","coordinates":[[-74.9349726579893,38.9361330783704],[-74.9344009039055,38.9359965141009],[-74.9335142527882,38.9357854411487],[-74.9329036550915,38.9356371249969]]},"properties":{"OBJECTID":278708,"PRIMENAME":"Sunset Boulevard","ELEVTYP_F":0,"ELEVTYP_T":0}},{"type":"Feature","id":278886,"geometry":{"type":"LineString","coordinates":[[-74.9079609905613,38.9510899438196],[-74.9079278715217,38.9510853444324],[-74.9078988716517,38.9510829348138],[-74.9078697249264,38.9510837092001],[-74.9078410018762,38.9510876524333],[-74.9078132647386,38.9510946873267],[-74.9077870564528,38.9511046761764],[-74.9077628900322,38.9511174234561],[-74.9077412385224,38.9511326796448],[-74.9077225257418,38.9511501461109],[-74.9076729037104,38.9512036679624],[-74.9075997040094,38.9513193329475],[-74.9075019315316,38.9514737156132],[-74.9074215941762,38.9515867127075],[-74.9073236690829,38.9517052907448],[-74.9072186805229,38.9518184025511],[-74.9070925424875,38.951928813357],[-74.9068823433715,38.9521165115999],[-74.9065180076025,38.9524449764508],[-74.9062027197105,38.9527292818751],[-74.9060590701153,38.9528590013448],[-74.9059681156179,38.9529610509734],[-74.9059666986164,38.9529634386981],[-74.9059157650478,38.9530492109235],[-74.9059021883331,38.953128969645],[-74.9059025963368,38.9532004980462],[-74.9059206807103,38.9532884121178],[-74.9059810851177,38.9533789248313],[-74.9060483302735,38.9534419552579],[-74.9061084481702,38.9534884804185],[-74.9061513520458,38.9535133184998]]},"properties":{"OBJECTID":278886,"PRIMENAME":"Unnamed Segment","ELEVTYP_F":0,"ELEVTYP_T":0}},{"type":"Feature","id":279629,"geometry":{"type":"LineString","coordinates":[[-74.9256811408597,38.9338773684104],[-74.9257803862565,38.9340067209888],[-74.9257944966018,38.9340303461973]]},"properties":{"OBJECTID":279629,"PRIMENAME":"Myrtle Avenue","ELEVTYP_F":0,"ELEVTYP_T":0}},{"type":"Feature","id":280292,"geometry":{"type":"LineString","coordinates":[[-74.9167145760803,38.9402882411505],[-74.9165672386501,38.9404593116063],[-74.9163708258828,38.9406917079736],[-74.9162235619282,38.9408756286303],[-74.9158887709455,38.9412726920073]]},"properties":{"OBJECTID":280292,"PRIMENAME":"Lafayette Street","ELEVTYP_F":0,"ELEVTYP_T":0}},{"type":"Feature","id":280536,"geometry":{"type":"LineString","coordinates":[[-74.914379312303,38.9366866036166],[-74.9142563803379,38.936513665653]]},"properties":{"OBJECTID":280536,"PRIMENAME":"Madison Avenue","ELEVTYP_F":0,"ELEVTYP_T":0}},{"type":"Feature","id":281080,"geometry":{"type":"LineString","coordinates":[[-74.9329036550915,38.9356371249969],[-74.9325346639462,38.9355474950769],[-74.9321576426314,38.9354554496564]]},"properties":{"OBJECTID":281080,"PRIMENAME":"Sunset Boulevard","ELEVTYP_F":0,"ELEVTYP_T":0}},{"type":"Feature","id":281687,"geometry":{"type":"LineString","coordinates":[[-74.9119962883929,38.9333503070759],[-74.9118607476447,38.9331594539095]]},"properties":{"OBJECTID":281687,"PRIMENAME":"Madison Avenue","ELEVTYP_F":0,"ELEVTYP_T":0}},{"type":"Feature","id":281753,"geometry":{"type":"LineString","coordinates":[[-74.9280748770645,38.9359035427559],[-74.9283522086296,38.9346897072429]]},"properties":{"OBJECTID":281753,"PRIMENAME":"Park Boulevard","ELEVTYP_F":0,"ELEVTYP_T":0}},{"type":"Feature","id":281985,"geometry":{"type":"LineString","coordinates":[[-74.9317471590701,38.9386343645333],[-74.9315590206981,38.939115090422],[-74.9315501221578,38.9391376675815]]},"properties":{"OBJECTID":281985,"PRIMENAME":"Pacific Avenue","ELEVTYP_F":0,"ELEVTYP_T":0}},{"type":"Feature","id":282370,"geometry":{"type":"LineString","coordinates":[[-74.9345818126178,38.9371238117547],[-74.933920256356,38.9369636352518],[-74.9326835187622,38.9366756280805],[-74.9325312709355,38.9366384368708]]},"properties":{"OBJECTID":282370,"PRIMENAME":"2nd Avenue","ELEVTYP_F":0,"ELEVTYP_T":0}},{"type":"Feature","id":283029,"geometry":{"type":"LineString","coordinates":[[-74.9372527494812,38.9422692626889],[-74.9368031912873,38.942034692117],[-74.9367049626074,38.941984230839],[-74.9361859434811,38.9417176026559]]},"properties":{"OBJECTID":283029,"PRIMENAME":"5th Avenue","ELEVTYP_F":0,"ELEVTYP_T":0}},{"type":"Feature","id":283595,"geometry":{"type":"LineString","coordinates":[[-74.9218895080801,38.9303535607604],[-74.9214406103141,38.930363858558],[-74.9209032313914,38.9303865012277],[-74.9208187952735,38.9303933964194]]},"properties":{"OBJECTID":283595,"PRIMENAME":"Beach Avenue","ELEVTYP_F":0,"ELEVTYP_T":0}},{"type":"Feature","id":283804,"geometry":{"type":"LineString","coordinates":[[-74.9208187952735,38.9303933964194],[-74.9205626777403,38.9304143638123],[-74.919961019341,38.9304460757615],[-74.9196696453516,38.9304678274667],[-74.9195249352229,38.9304774365146]]},"properties":{"OBJECTID":283804,"PRIMENAME":"Beach Avenue","ELEVTYP_F":0,"ELEVTYP_T":0}},{"type":"Feature","id":284956,"geometry":{"type":"LineString","coordinates":[[-74.9196914448228,38.9350318344963],[-74.9195669793641,38.9351672404368],[-74.9193857080743,38.9353996704958],[-74.9191395947361,38.9356960084329],[-74.9187991542942,38.9361001572337]]},"properties":{"OBJECTID":284956,"PRIMENAME":"Washington Street","ELEVTYP_F":0,"ELEVTYP_T":0}},{"type":"Feature","id":285385,"geometry":{"type":"LineString","coordinates":[[-74.9325312709355,38.9366384368708],[-74.9324361857372,38.9368785845125],[-74.9323352266595,38.93713548658],[-74.9323295129672,38.9371500234577]]},"properties":{"OBJECTID":285385,"PRIMENAME":"Pacific Avenue","ELEVTYP_F":0,"ELEVTYP_T":0}},{"type":"Feature","id":286781,"geometry":{"type":"LineString","coordinates":[[-74.9090249157316,38.9352930181801],[-74.9085856809309,38.9344993010839]]},"properties":{"OBJECTID":286781,"PRIMENAME":"Philadelphia Avenue","ELEVTYP_F":0,"ELEVTYP_T":0}},{"type":"Feature","id":287869,"geometry":{"type":"LineString","coordinates":[[-74.9347038877643,38.9531021056674],[-74.9346451740804,38.9533921765806],[-74.9346003897483,38.953648174333],[-74.9345787402755,38.9538114677617],[-74.9345748548915,38.9539296084392],[-74.9345768726014,38.9539450688159],[-74.9345848151866,38.9540059333584],[-74.934608260442,38.9540847070677],[-74.9346529725449,38.9541736435313],[-74.9347127505936,38.9542535449194]]},"properties":{"OBJECTID":287869,"PRIMENAME":"Robin Lane","ELEVTYP_F":0,"ELEVTYP_T":0}},{"type":"Feature","id":288106,"geometry":{"type":"LineString","coordinates":[[-74.926751291865,38.9301981011202],[-74.9266899578945,38.9301999180667],[-74.9256542199296,38.930232201102]]},"properties":{"OBJECTID":288106,"PRIMENAME":"Beach Avenue","ELEVTYP_F":0,"ELEVTYP_T":0}},{"type":"Feature","id":288788,"geometry":{"type":"LineString","coordinates":[[-74.9177453323134,38.9341200787107],[-74.9176295437024,38.9340689524161],[-74.9175030775507,38.934007513192],[-74.9170102089363,38.9337171433148]]},"properties":{"OBJECTID":288788,"PRIMENAME":"Franklin Street","ELEVTYP_F":0,"ELEVTYP_T":0}},{"type":"Feature","id":289975,"geometry":{"type":"LineString","coordinates":[[-74.8896666271233,38.9464908729302],[-74.8907526244048,38.9462468723316]]},"properties":{"OBJECTID":289975,"PRIMENAME":"Munro Drive","ELEVTYP_F":0,"ELEVTYP_T":0}},{"type":"Feature","id":291796,"geometry":{"type":"LineString","coordinates":[[-74.9110288700136,38.9434972460352],[-74.911251107141,38.9434215289188],[-74.911610850738,38.9433019136614],[-74.9116804477145,38.943292085666],[-74.9118531733408,38.9432703878837]]},"properties":{"OBJECTID":291796,"PRIMENAME":"Vermont Avenue","ELEVTYP_F":0,"ELEVTYP_T":0}},{"type":"Feature","id":291895,"geometry":{"type":"LineString","coordinates":[[-74.9321357278223,38.9376430726728],[-74.9319934928861,38.9380049542166],[-74.9319416553833,38.9381373072369],[-74.9319379943962,38.938146653794]]},"properties":{"OBJECTID":291895,"PRIMENAME":"Pacific Avenue","ELEVTYP_F":0,"ELEVTYP_T":0}},{"type":"Feature","id":292784,"geometry":{"type":"LineString","coordinates":[[-74.9130723206653,38.9348554096997],[-74.9128055831239,38.9344849477395]]},"properties":{"OBJECTID":292784,"PRIMENAME":"Madison Avenue","ELEVTYP_F":0,"ELEVTYP_T":0}},{"type":"Feature","id":293022,"geometry":{"type":"LineString","coordinates":[[-74.9323295129672,38.9371500234577],[-74.9343826042123,38.9376230531169]]},"properties":{"OBJECTID":293022,"PRIMENAME":"Goldbeaten Alley","ELEVTYP_F":0,"ELEVTYP_T":0}},{"type":"Feature","id":293300,"geometry":{"type":"LineString","coordinates":[[-74.9188893967622,38.934652711206],[-74.9186048231258,38.9345184717522],[-74.9185883600398,38.9345107869058]]},"properties":{"OBJECTID":293300,"PRIMENAME":"Franklin Street","ELEVTYP_F":0,"ELEVTYP_T":0}},{"type":"Feature","id":293565,"geometry":{"type":"LineString","coordinates":[[-74.9118477957366,38.9403959904996],[-74.9120918181021,38.9403136870106],[-74.9123047056367,38.9402402242225],[-74.9124285570601,38.9402012078304],[-74.9125292825981,38.940181905697],[-74.9125861722523,38.9401761849947],[-74.9126417190387,38.9401754120848],[-74.9126999248808,38.9401782539464]]},"properties":{"OBJECTID":293565,"PRIMENAME":"Pennsylvania Avenue","ELEVTYP_F":0,"ELEVTYP_T":0}},{"type":"Feature","id":293760,"geometry":{"type":"LineString","coordinates":[[-74.9302110852205,38.9382688516179],[-74.9301634021957,38.9386224187049],[-74.9301504663579,38.9387567382929]]},"properties":{"OBJECTID":293760,"PRIMENAME":"Broadway","ELEVTYP_F":0,"ELEVTYP_T":0}},{"type":"Feature","id":293787,"geometry":{"type":"LineString","coordinates":[[-74.8974721823476,38.9447508907631],[-74.8977969935093,38.9456042669834]]},"properties":{"OBJECTID":293787,"PRIMENAME":"Wilmington Avenue","ELEVTYP_F":0,"ELEVTYP_T":0}},{"type":"Feature","id":294074,"geometry":{"type":"LineString","coordinates":[[-74.9356452311761,38.9401197306226],[-74.9357224407555,38.9399274716909],[-74.9358474880683,38.9396151301806]]},"properties":{"OBJECTID":294074,"PRIMENAME":"Columbia Avenue","ELEVTYP_F":0,"ELEVTYP_T":0}},{"type":"Feature","id":294208,"geometry":{"type":"LineString","coordinates":[[-74.9285439119651,38.9430124356383],[-74.9286869270574,38.9427173353097],[-74.9287342600599,38.9426133408056]]},"properties":{"OBJECTID":294208,"PRIMENAME":"Grand Avenue","ELEVTYP_F":0,"ELEVTYP_T":0}},{"type":"Feature","id":295241,"geometry":{"type":"LineString","coordinates":[[-74.9309955538782,38.9337289771481],[-74.9309519438976,38.9338716486435],[-74.9308045935312,38.9343520861698],[-74.9307854643432,38.9344154483093]]},"properties":{"OBJECTID":295241,"PRIMENAME":"South Broadway","ELEVTYP_F":0,"ELEVTYP_T":0}},{"type":"Feature","id":295613,"geometry":{"type":"LineString","coordinates":[[-74.9009112407079,38.9561806071769],[-74.9009509864038,38.9560258619309],[-74.9010667858652,38.9555750157883],[-74.901377574129,38.955579592226],[-74.9016158697959,38.9555449142616],[-74.9017895380953,38.9555838168729],[-74.9022768651266,38.9561351394215],[-74.9024435314888,38.9562135646277],[-74.9025591931165,38.9562188078811],[-74.9031212318831,38.9559234400562],[-74.9031706386812,38.9557144834062],[-74.9031265727887,38.9555904924492],[-74.9028281609546,38.95521909236],[-74.903129320903,38.9550715723327],[-74.9029977740483,38.9549040147837],[-74.9031879185522,38.95480367165],[-74.9030013072144,38.9545714129927]]},"properties":{"OBJECTID":295613,"PRIMENAME":"Unnamed Segment","ELEVTYP_F":0,"ELEVTYP_T":0}},{"type":"Feature","id":297208,"geometry":{"type":"LineString","coordinates":[[-74.9171175149869,38.9316241954047],[-74.9174096619418,38.9320452722471],[-74.9175744338403,38.9322669323107]]},"properties":{"OBJECTID":297208,"PRIMENAME":"Howard Street","ELEVTYP_F":0,"ELEVTYP_T":0}},{"type":"Feature","id":297289,"geometry":{"type":"LineString","coordinates":[[-74.9094546140364,38.9360712260315],[-74.9091036764043,38.9354353896378],[-74.9090249157316,38.9352930181801]]},"properties":{"OBJECTID":297289,"PRIMENAME":"Philadelphia Avenue","ELEVTYP_F":0,"ELEVTYP_T":0}},{"type":"Feature","id":297303,"geometry":{"type":"LineString","coordinates":[[-74.9164899010314,38.930748392396],[-74.9162646818869,38.9307874998749],[-74.9157124914972,38.9308692902437],[-74.9152057015126,38.930947977885],[-74.9149325325146,38.9309873911701]]},"properties":{"OBJECTID":297303,"PRIMENAME":"Beach Avenue","ELEVTYP_F":0,"ELEVTYP_T":0}},{"type":"Feature","id":297339,"geometry":{"type":"LineString","coordinates":[[-74.9122999745751,38.9412324561878],[-74.9123361219411,38.9412330699163],[-74.9123827267777,38.9412421590058],[-74.9124181545834,38.9412519740314],[-74.9124967360259,38.9412760792945]]},"properties":{"OBJECTID":297339,"PRIMENAME":"Philadelphia Avenue","ELEVTYP_F":0,"ELEVTYP_T":0}},{"type":"Feature","id":297566,"geometry":{"type":"LineString","coordinates":[[-74.9311018868635,38.9402766571788],[-74.9315341396809,38.940503185276],[-74.9320149595809,38.9407545473524]]},"properties":{"OBJECTID":297566,"PRIMENAME":"6th Avenue","ELEVTYP_F":0,"ELEVTYP_T":0}},{"type":"Feature","id":297571,"geometry":{"type":"LineString","coordinates":[[-74.9128055831239,38.9344849477395],[-74.912557667906,38.9341406150405],[-74.9125349469842,38.9341086234399]]},"properties":{"OBJECTID":297571,"PRIMENAME":"Madison Avenue","ELEVTYP_F":0,"ELEVTYP_T":0}},{"type":"Feature","id":298669,"geometry":{"type":"LineString","coordinates":[[-74.9324331201,38.9318813262816],[-74.9324501159082,38.9321501930154],[-74.9324867796271,38.9329195015121]]},"properties":{"OBJECTID":298669,"PRIMENAME":"1st Avenue","ELEVTYP_F":0,"ELEVTYP_T":0}},{"type":"Feature","id":298970,"geometry":{"type":"LineString","coordinates":[[-74.9148945300408,38.9424572783109],[-74.9144599473135,38.9429766906135],[-74.914115561353,38.9433900931079]]},"properties":{"OBJECTID":298970,"PRIMENAME":"Lafayette Street","ELEVTYP_F":0,"ELEVTYP_T":0}},{"type":"Feature","id":299107,"geometry":{"type":"LineString","coordinates":[[-74.9051971670439,38.9375114028457],[-74.9070032704893,38.9369022388253],[-74.9073329019787,38.9367901837491]]},"properties":{"OBJECTID":299107,"PRIMENAME":"Idaho Avenue","ELEVTYP_F":0,"ELEVTYP_T":0}},{"type":"Feature","id":299198,"geometry":{"type":"LineString","coordinates":[[-74.9283808448285,38.9345643091133],[-74.9276710194969,38.9343864540597],[-74.9265316903653,38.9341144446859],[-74.9259761681717,38.9339824750625],[-74.925822634545,38.9339403096568],[-74.9257312012757,38.9339064569284],[-74.9256811408597,38.9338773684104]]},"properties":{"OBJECTID":299198,"PRIMENAME":"West Perry Street","ELEVTYP_F":0,"ELEVTYP_T":0}},{"type":"Feature","id":299310,"geometry":{"type":"LineString","coordinates":[[-74.9349473919144,38.9488284824058],[-74.9347713076309,38.9487748620557]]},"properties":{"OBJECTID":299310,"PRIMENAME":"Stimpson Lane","ELEVTYP_F":0,"ELEVTYP_T":0}},{"type":"Feature","id":299425,"geometry":{"type":"LineString","coordinates":[[-74.9079430226165,38.9379180562549],[-74.9066387792768,38.9383531852559],[-74.9058169487056,38.9386306306114]]},"properties":{"OBJECTID":299425,"PRIMENAME":"Cape May Avenue","ELEVTYP_F":0,"ELEVTYP_T":0}},{"type":"Feature","id":299891,"geometry":{"type":"LineString","coordinates":[[-74.9081276614617,38.9336652005834],[-74.907749579161,38.933791979856],[-74.9065405208754,38.9341983285971],[-74.9059922189802,38.9343830839612]]},"properties":{"OBJECTID":299891,"PRIMENAME":"New Jersey Avenue","ELEVTYP_F":0,"ELEVTYP_T":0}},{"type":"Feature","id":300058,"geometry":{"type":"LineString","coordinates":[[-74.9216029767007,38.9367505946523],[-74.9215671049243,38.9367550483865],[-74.9215233052253,38.9367503193416],[-74.9214762764614,38.9367285493685],[-74.9213164106224,38.9366388430883],[-74.9206381720123,38.9362380326005]]},"properties":{"OBJECTID":300058,"PRIMENAME":"Saint Johns Street","ELEVTYP_F":0,"ELEVTYP_T":0}},{"type":"Feature","id":300177,"geometry":{"type":"LineString","coordinates":[[-74.9287342600599,38.9426133408056],[-74.9280231639541,38.9422259562109],[-74.9279909592384,38.9422087208583]]},"properties":{"OBJECTID":300177,"PRIMENAME":"Central Avenue","ELEVTYP_F":0,"ELEVTYP_T":0}},{"type":"Feature","id":302831,"geometry":{"type":"LineString","coordinates":[[-74.8741126218903,38.944466874228],[-74.8740415648508,38.9443857885224]]},"properties":{"OBJECTID":302831,"PRIMENAME":"Arcus Road","ELEVTYP_F":0,"ELEVTYP_T":0}},{"type":"Feature","id":302988,"geometry":{"type":"LineString","coordinates":[[-74.9119438955581,38.947582257614],[-74.9120578108078,38.9477464730492],[-74.9120827973142,38.9477824925532],[-74.9122701596754,38.948052581578]]},"properties":{"OBJECTID":302988,"PRIMENAME":"Rosemans Lane","ELEVTYP_F":0,"ELEVTYP_T":0}},{"type":"Feature","id":303709,"geometry":{"type":"LineString","coordinates":[[-74.9302861340497,38.9377079808668],[-74.9302392980691,38.9376896460377],[-74.9301767413183,38.9376703538465],[-74.930080928474,38.9376577190678],[-74.9298852149019,38.9376421838135],[-74.9276943384165,38.9374551115414]]},"properties":{"OBJECTID":303709,"PRIMENAME":"Emerald Avenue","ELEVTYP_F":0,"ELEVTYP_T":0}},{"type":"Feature","id":304573,"geometry":{"type":"LineString","coordinates":[[-74.8977969935093,38.9456042669834],[-74.897098275568,38.9457598102064],[-74.8964746020483,38.9458982075663],[-74.8960175134923,38.9459966874402],[-74.8955617865739,38.9460991986064],[-74.8948554438493,38.9462580757524],[-74.8942278231157,38.9463964744639],[-74.89347250157,38.9465625939988],[-74.8934384223545,38.9465678159058],[-74.8934182374731,38.9465686686002]]},"properties":{"OBJECTID":304573,"PRIMENAME":"Delaware Avenue","ELEVTYP_F":0,"ELEVTYP_T":0}},{"type":"Feature","id":305785,"geometry":{"type":"LineString","coordinates":[[-74.9312651962925,38.9331984289065],[-74.9311640408705,38.933174734928]]},"properties":{"OBJECTID":305785,"PRIMENAME":"West Grant Street","ELEVTYP_F":0,"ELEVTYP_T":0}},{"type":"Feature","id":305825,"geometry":{"type":"LineString","coordinates":[[-74.9347713076309,38.9487748620557],[-74.9344451571003,38.9486755504483],[-74.9338292911641,38.9484890363694],[-74.9337183802557,38.9484478221522],[-74.9335910219159,38.9483907145567],[-74.9333565792523,38.9482507777608],[-74.9328465023016,38.9479390395527],[-74.9325675438826,38.947769748385]]},"properties":{"OBJECTID":305825,"PRIMENAME":"Stimpson Lane","ELEVTYP_F":0,"ELEVTYP_T":0}},{"type":"Feature","id":307380,"geometry":{"type":"LineString","coordinates":[[-74.9095876773975,38.9493672636342],[-74.9102892111981,38.9496257659636],[-74.9103950795997,38.9496666364203],[-74.9104727351871,38.9496993405353],[-74.9105847947347,38.9497588613452]]},"properties":{"OBJECTID":307380,"PRIMENAME":"2nd Avenue","ELEVTYP_F":0,"ELEVTYP_T":0}},{"type":"Feature","id":307447,"geometry":{"type":"LineString","coordinates":[[-74.9269953066517,38.9316887050976],[-74.9266335843523,38.9313172221049],[-74.9265025844694,38.9311802153004]]},"properties":{"OBJECTID":307447,"PRIMENAME":"Windsor Avenue","ELEVTYP_F":0,"ELEVTYP_T":0}},{"type":"Feature","id":307981,"geometry":{"type":"LineString","coordinates":[[-74.9301628428868,38.9393504017733],[-74.9301862836503,38.9396280318368],[-74.9302024910524,38.9398257012433]]},"properties":{"OBJECTID":307981,"PRIMENAME":"Broadway","ELEVTYP_F":0,"ELEVTYP_T":0}},{"type":"Feature","id":307992,"geometry":{"type":"LineString","coordinates":[[-74.9124967360259,38.9412760792945],[-74.9121452364736,38.9418945346579],[-74.9118996359795,38.9423250461139]]},"properties":{"OBJECTID":307992,"PRIMENAME":"Indiana Avenue","ELEVTYP_F":0,"ELEVTYP_T":0}},{"type":"Feature","id":308293,"geometry":{"type":"LineString","coordinates":[[-74.9236396640974,38.932774452341],[-74.923600158715,38.9327170156536],[-74.9234382320465,38.9324924422162],[-74.9234029801314,38.9324448023138]]},"properties":{"OBJECTID":308293,"PRIMENAME":"Jackson Street","ELEVTYP_F":0,"ELEVTYP_T":0}},{"type":"Feature","id":308309,"geometry":{"type":"LineString","coordinates":[[-74.905394330511,38.9425740790111],[-74.9058448567601,38.9433967649223]]},"properties":{"OBJECTID":308309,"PRIMENAME":"Pittsburg Avenue","ELEVTYP_F":0,"ELEVTYP_T":0}},{"type":"Feature","id":308940,"geometry":{"type":"LineString","coordinates":[[-74.8899556266828,38.9473538729749],[-74.8902266272798,38.9480708726266]]},"properties":{"OBJECTID":308940,"PRIMENAME":"Cammel Avenue","ELEVTYP_F":0,"ELEVTYP_T":0}},{"type":"Feature","id":309330,"geometry":{"type":"LineString","coordinates":[[-74.9243122478557,38.9320313171471],[-74.9234029801314,38.9324448023138]]},"properties":{"OBJECTID":309330,"PRIMENAME":"Washington Street","ELEVTYP_F":0,"ELEVTYP_T":0}},{"type":"Feature","id":309802,"geometry":{"type":"LineString","coordinates":[[-74.9269953066517,38.9316887050976],[-74.926450711759,38.9320163823086],[-74.9263515035935,38.932075231029]]},"properties":{"OBJECTID":309802,"PRIMENAME":"North Street","ELEVTYP_F":0,"ELEVTYP_T":0}},{"type":"Feature","id":309805,"geometry":{"type":"LineString","coordinates":[[-74.9062766494313,38.9441756895748],[-74.9059840013924,38.9442742954111],[-74.9044755087086,38.9447821888097],[-74.9040880793595,38.9449092083059]]},"properties":{"OBJECTID":309805,"PRIMENAME":"Missouri Avenue","ELEVTYP_F":0,"ELEVTYP_T":0}},{"type":"Feature","id":312248,"geometry":{"type":"LineString","coordinates":[[-74.9049371998307,38.941744412578],[-74.9051961517637,38.9422130319323],[-74.9052426891246,38.9422972467291],[-74.905394330511,38.9425740790111]]},"properties":{"OBJECTID":312248,"PRIMENAME":"Pittsburg Avenue","ELEVTYP_F":0,"ELEVTYP_T":0}},{"type":"Feature","id":313082,"geometry":{"type":"LineString","coordinates":[[-74.9090249157316,38.9352930181801],[-74.9079785234202,38.9356463107036],[-74.9068958170122,38.9360143550779]]},"properties":{"OBJECTID":313082,"PRIMENAME":"Maryland Avenue","ELEVTYP_F":0,"ELEVTYP_T":0}},{"type":"Feature","id":313408,"geometry":{"type":"LineString","coordinates":[[-74.9331518962328,38.9413463209812],[-74.9338409141579,38.9404904884868]]},"properties":{"OBJECTID":313408,"PRIMENAME":"Brown Street","ELEVTYP_F":0,"ELEVTYP_T":0}},{"type":"Feature","id":313436,"geometry":{"type":"LineString","coordinates":[[-74.925781974937,38.9518196503229],[-74.9241742546796,38.9515177489295]]},"properties":{"OBJECTID":313436,"PRIMENAME":"Cold Spring Avenue","ELEVTYP_F":0,"ELEVTYP_T":0}},{"type":"Feature","id":313596,"geometry":{"type":"LineString","coordinates":[[-74.9238629697922,38.93425632336],[-74.9240024660027,38.9344564018615]]},"properties":{"OBJECTID":313596,"PRIMENAME":"Bank Street","ELEVTYP_F":0,"ELEVTYP_T":0}},{"type":"Feature","id":314091,"geometry":{"type":"LineString","coordinates":[[-74.9088996674498,38.9442210624206],[-74.9091406738283,38.9446572214527],[-74.9093293590371,38.9450010540919]]},"properties":{"OBJECTID":314091,"PRIMENAME":"Trenton Avenue","ELEVTYP_F":0,"ELEVTYP_T":0}},{"type":"Feature","id":314203,"geometry":{"type":"LineString","coordinates":[[-74.931297595417,38.9319203729723],[-74.9324331201,38.9318813262816]]},"properties":{"OBJECTID":314203,"PRIMENAME":"Mt Vernon Avenue","ELEVTYP_F":0,"ELEVTYP_T":0}},{"type":"Feature","id":314785,"geometry":{"type":"LineString","coordinates":[[-74.9223579973821,38.9344646148093],[-74.9220897191862,38.9347399498026],[-74.9214690842623,38.9353768996885],[-74.9211386998976,38.9357193192898]]},"properties":{"OBJECTID":314785,"PRIMENAME":"Lafayette Street","ELEVTYP_F":0,"ELEVTYP_T":0}},{"type":"Feature","id":314866,"geometry":{"type":"LineString","coordinates":[[-74.9245393480726,38.9323345371251],[-74.9244115478952,38.9324037031531],[-74.9236396640974,38.932774452341]]},"properties":{"OBJECTID":314866,"PRIMENAME":"East Lyle Lane","ELEVTYP_F":0,"ELEVTYP_T":0}},{"type":"Feature","id":316348,"geometry":{"type":"LineString","coordinates":[[-74.9128055831239,38.9344849477395],[-74.9136083015816,38.934367796557]]},"properties":{"OBJECTID":316348,"PRIMENAME":"McCullum Avenue","ELEVTYP_F":0,"ELEVTYP_T":0}},{"type":"Feature","id":316620,"geometry":{"type":"LineString","coordinates":[[-74.9296640666479,38.9447196982124],[-74.9296959039536,38.9447281752989],[-74.9297937687802,38.9447646100614],[-74.9298883556541,38.9448116276076],[-74.9302398968041,38.9450259912917],[-74.9302703965005,38.9450574290863],[-74.9302840859055,38.9450942007273],[-74.9302910907468,38.9451362139396],[-74.9302813013541,38.9451862239138],[-74.9302412003032,38.9452416463328],[-74.9301709049964,38.9453102768495],[-74.9301340358007,38.9453419629449],[-74.930083639065,38.9453579372773],[-74.9300196625132,38.9453608089374],[-74.9299084539812,38.9453507018562],[-74.9296084863323,38.9453097123315],[-74.9294971797084,38.9452890614526],[-74.9294533285044,38.9452708252642],[-74.9294160781791,38.9452393850664],[-74.9293888908725,38.9451974460497],[-74.9293886053114,38.9451501082539],[-74.9294018182219,38.9451079656566],[-74.9294618809631,38.9450157038259],[-74.9296640666479,38.9447196982124]]},"properties":{"OBJECTID":316620,"PRIMENAME":"Farmdale Road","ELEVTYP_F":0,"ELEVTYP_T":0}},{"type":"Feature","id":317304,"geometry":{"type":"LineString","coordinates":[[-74.8741126218903,38.944466874228],[-74.8744866218462,38.9444718719829],[-74.8747736190622,38.9445228733833],[-74.8750036207918,38.9446298733106],[-74.875111619734,38.944732873188],[-74.8751259469022,38.9447505103207]]},"properties":{"OBJECTID":317304,"PRIMENAME":"Arcus Road","ELEVTYP_F":0,"ELEVTYP_T":0}},{"type":"Feature","id":317512,"geometry":{"type":"LineString","coordinates":[[-74.9364404689771,38.9381131623606],[-74.9365064244636,38.9379438747652],[-74.9366335490548,38.9376215294041]]},"properties":{"OBJECTID":317512,"PRIMENAME":"Columbia Avenue","ELEVTYP_F":0,"ELEVTYP_T":0}},{"type":"Feature","id":319563,"geometry":{"type":"LineString","coordinates":[[-74.9323746531879,38.9347409154516],[-74.9324389060011,38.9345304269435],[-74.9326673730045,38.9337930044802],[-74.932737708479,38.9335943000381]]},"properties":{"OBJECTID":319563,"PRIMENAME":"1st Avenue","ELEVTYP_F":0,"ELEVTYP_T":0}},{"type":"Feature","id":319712,"geometry":{"type":"LineString","coordinates":[[-74.931197372904,38.9330651623503],[-74.9291455339672,38.9325745972021],[-74.9289212517804,38.9325180054368],[-74.9288907781707,38.9325075186628]]},"properties":{"OBJECTID":319712,"PRIMENAME":"Grant Street","ELEVTYP_F":0,"ELEVTYP_T":0}},{"type":"Feature","id":320661,"geometry":{"type":"LineString","coordinates":[[-74.9043277536153,38.9359345329612],[-74.9054772578442,38.9355458233941],[-74.906450710391,38.9352171352796]]},"properties":{"OBJECTID":320661,"PRIMENAME":"New York Avenue","ELEVTYP_F":0,"ELEVTYP_T":0}},{"type":"Feature","id":321024,"geometry":{"type":"LineString","coordinates":[[-74.9302024910524,38.9398257012433],[-74.9302648685501,38.9398562450292],[-74.9307950621369,38.9401158668097],[-74.9311018868635,38.9402766571788]]},"properties":{"OBJECTID":321024,"PRIMENAME":"6th Avenue","ELEVTYP_F":0,"ELEVTYP_T":0}},{"type":"Feature","id":321159,"geometry":{"type":"LineString","coordinates":[[-74.933991128351,38.9386299572586],[-74.9339812849954,38.9386275912369],[-74.9319379943962,38.938146653794]]},"properties":{"OBJECTID":321159,"PRIMENAME":"Bough Hall Alley","ELEVTYP_F":0,"ELEVTYP_T":0}},{"type":"Feature","id":321683,"geometry":{"type":"LineString","coordinates":[[-74.9170517317973,38.9369231966185],[-74.9170931109173,38.9368748864451],[-74.9171908172176,38.9367553125076],[-74.9175176099134,38.9363539901145],[-74.917790440516,38.9360138182311],[-74.9179925342467,38.9357639905607],[-74.9180316055535,38.935718104446]]},"properties":{"OBJECTID":321683,"PRIMENAME":"Corgie Street","ELEVTYP_F":0,"ELEVTYP_T":0}},{"type":"Feature","id":321942,"geometry":{"type":"LineString","coordinates":[[-74.9319259016394,38.9333597075379],[-74.9318478500949,38.9333356953372],[-74.9317129366032,38.9333032990898],[-74.9312651962925,38.9331984289065]]},"properties":{"OBJECTID":321942,"PRIMENAME":"West Grant Street","ELEVTYP_F":0,"ELEVTYP_T":0}},{"type":"Feature","id":322210,"geometry":{"type":"LineString","coordinates":[[-74.9128540091171,38.9312979040241],[-74.9130834755477,38.9322268407848]]},"properties":{"OBJECTID":322210,"PRIMENAME":"Queen Street","ELEVTYP_F":0,"ELEVTYP_T":0}},{"type":"Feature","id":323196,"geometry":{"type":"LineString","coordinates":[[-74.9225391162326,38.9328363771357],[-74.9226976477045,38.9330497077263],[-74.9227994690336,38.9331934413481]]},"properties":{"OBJECTID":323196,"PRIMENAME":"Decatur Street","ELEVTYP_F":0,"ELEVTYP_T":0}},{"type":"Feature","id":323943,"geometry":{"type":"LineString","coordinates":[[-74.9331518962328,38.9413463209812],[-74.9332753801749,38.9414101712229],[-74.9345948959444,38.9421009006385],[-74.9362819248083,38.9429787991599],[-74.9376515213182,38.9436790818422],[-74.9385034460354,38.9441309546075],[-74.9390041316275,38.9443913288927]]},"properties":{"OBJECTID":323943,"PRIMENAME":"6th Avenue","ELEVTYP_F":0,"ELEVTYP_T":0}},{"type":"Feature","id":324426,"geometry":{"type":"LineString","coordinates":[[-74.9208990480029,38.9323613939956],[-74.9211249805678,38.9322642544202],[-74.9218782609564,38.931932443611]]},"properties":{"OBJECTID":324426,"PRIMENAME":"Hughes Street","ELEVTYP_F":0,"ELEVTYP_T":0}},{"type":"Feature","id":326942,"geometry":{"type":"LineString","coordinates":[[-74.8629911704698,38.948388667034],[-74.8644515415945,38.9454974083529],[-74.8652328694497,38.9437601990446],[-74.8655018134332,38.9431285316973],[-74.8652865893858,38.9422515368363]]},"properties":{"OBJECTID":326942,"PRIMENAME":"Unnamed Segment","ELEVTYP_F":0,"ELEVTYP_T":0}},{"type":"Feature","id":327176,"geometry":{"type":"LineString","coordinates":[[-74.9313367627331,38.9352642168139],[-74.9306796260866,38.9351136511298]]},"properties":{"OBJECTID":327176,"PRIMENAME":"Sunset Boulevard","ELEVTYP_F":0,"ELEVTYP_T":0}},{"type":"Feature","id":328097,"geometry":{"type":"LineString","coordinates":[[-74.9030046478181,38.9382522476291],[-74.903299161743,38.938784585303],[-74.9034429073674,38.9390418978099]]},"properties":{"OBJECTID":328097,"PRIMENAME":"Pittsburg Avenue","ELEVTYP_F":0,"ELEVTYP_T":0}},{"type":"Feature","id":328132,"geometry":{"type":"LineString","coordinates":[[-74.9335725830561,38.9396236987893],[-74.9337898497764,38.9391207703534]]},"properties":{"OBJECTID":328132,"PRIMENAME":"Atlantic Avenue","ELEVTYP_F":0,"ELEVTYP_T":0}},{"type":"Feature","id":329484,"geometry":{"type":"LineString","coordinates":[[-74.9054477275654,38.9333973723166],[-74.905931684364,38.9342729378017],[-74.9059922189802,38.9343830839612]]},"properties":{"OBJECTID":329484,"PRIMENAME":"Reading Avenue","ELEVTYP_F":0,"ELEVTYP_T":0}},{"type":"Feature","id":329826,"geometry":{"type":"LineString","coordinates":[[-74.9065367521022,38.9494687169775],[-74.9063372102393,38.9493948802699],[-74.9057719136499,38.9491433145596],[-74.9057547890174,38.9491356941876],[-74.9056870224764,38.9490621963552],[-74.9055584812998,38.9489348890825]]},"properties":{"OBJECTID":329826,"PRIMENAME":"Schellenger Street","ELEVTYP_F":0,"ELEVTYP_T":0}},{"type":"Feature","id":330020,"geometry":{"type":"LineString","coordinates":[[-74.9101718539645,38.941941080903],[-74.9105864369437,38.9418021938422],[-74.9120866674063,38.9412947172265],[-74.9122542545378,38.9412365175384],[-74.9122982510678,38.9412324352495],[-74.9122999745751,38.9412324561878]]},"properties":{"OBJECTID":330020,"PRIMENAME":"Delaware Avenue","ELEVTYP_F":0,"ELEVTYP_T":0}},{"type":"Feature","id":330184,"geometry":{"type":"LineString","coordinates":[[-74.9335603847536,38.9318425748923],[-74.9335435467405,38.9315540750541],[-74.9334761699614,38.9304651248035],[-74.9334577997333,38.9300403540342]]},"properties":{"OBJECTID":330184,"PRIMENAME":"2nd Avenue","ELEVTYP_F":0,"ELEVTYP_T":0}},{"type":"Feature","id":330316,"geometry":{"type":"LineString","coordinates":[[-74.9384904413452,38.940861075683],[-74.9382994953959,38.9407477851517],[-74.9379544775412,38.9405451675495],[-74.9378650052534,38.9404926239996],[-74.9375057553613,38.9402826776229],[-74.937426215885,38.9402354449632]]},"properties":{"OBJECTID":330316,"PRIMENAME":"4th Avenue","ELEVTYP_F":0,"ELEVTYP_T":0}},{"type":"Feature","id":331801,"geometry":{"type":"LineString","coordinates":[[-74.8610582088436,38.9492989554521],[-74.8606406884146,38.9489018601011]]},"properties":{"OBJECTID":331801,"PRIMENAME":"Unnamed Segment","ELEVTYP_F":0,"ELEVTYP_T":0}},{"type":"Feature","id":332149,"geometry":{"type":"LineString","coordinates":[[-74.9075859385706,38.9418333856524],[-74.9081282944891,38.9416511427403],[-74.9087127624709,38.9414552674423],[-74.9096301188837,38.9411431155293],[-74.9097164437639,38.9411138441827]]},"properties":{"OBJECTID":332149,"PRIMENAME":"Pennsylvania Avenue","ELEVTYP_F":0,"ELEVTYP_T":0}},{"type":"Feature","id":334180,"geometry":{"type":"LineString","coordinates":[[-74.914379312303,38.9366866036166],[-74.9130897861746,38.9371265567694],[-74.9110980816145,38.9378007223373],[-74.910631368122,38.9379490213775],[-74.910519641294,38.9379867851645]]},"properties":{"OBJECTID":334180,"PRIMENAME":"Ohio Avenue","ELEVTYP_F":0,"ELEVTYP_T":0}},{"type":"Feature","id":334192,"geometry":{"type":"LineString","coordinates":[[-74.9026198357836,38.9383822459872],[-74.9030046478181,38.9382522476291]]},"properties":{"OBJECTID":334192,"PRIMENAME":"Idaho Avenue","ELEVTYP_F":0,"ELEVTYP_T":0}},{"type":"Feature","id":334433,"geometry":{"type":"LineString","coordinates":[[-74.9081283181701,38.9513206603605],[-74.9081089131253,38.9513428283134],[-74.907797411943,38.9516944773467],[-74.9074325300893,38.9520912832255],[-74.906911926991,38.9526719846293],[-74.9065552694623,38.9530623394589],[-74.9062191229972,38.9534333576331],[-74.9061513520458,38.9535133184998]]},"properties":{"OBJECTID":334433,"PRIMENAME":"State Highway 109","ELEVTYP_F":0,"ELEVTYP_T":1}},{"type":"Feature","id":334684,"geometry":{"type":"LineString","coordinates":[[-74.9325312709355,38.9366384368708],[-74.9310684851004,38.9362812577483],[-74.9304968042746,38.9361500558729]]},"properties":{"OBJECTID":334684,"PRIMENAME":"2nd Avenue","ELEVTYP_F":0,"ELEVTYP_T":0}},{"type":"Feature","id":334767,"geometry":{"type":"LineString","coordinates":[[-74.9159098576078,38.9382257598057],[-74.9157498846185,38.9380870596866],[-74.9153983523121,38.9377884908336],[-74.9151797257903,38.9375993652268],[-74.9149639256322,38.9374184117586]]},"properties":{"OBJECTID":334767,"PRIMENAME":"Madison Avenue","ELEVTYP_F":0,"ELEVTYP_T":0}},{"type":"Feature","id":334982,"geometry":{"type":"LineString","coordinates":[[-74.910519641294,38.9379867851645],[-74.9095399616482,38.9383180549816],[-74.9083814162289,38.9387096368541]]},"properties":{"OBJECTID":334982,"PRIMENAME":"Ohio Avenue","ELEVTYP_F":0,"ELEVTYP_T":0}},{"type":"Feature","id":335864,"geometry":{"type":"LineString","coordinates":[[-74.9222711441937,38.9324757742315],[-74.921260119016,38.9329238717832]]},"properties":{"OBJECTID":335864,"PRIMENAME":"Carpenter Lane","ELEVTYP_F":0,"ELEVTYP_T":0}},{"type":"Feature","id":336243,"geometry":{"type":"LineString","coordinates":[[-74.9417406885166,38.9427615001886],[-74.9416959711,38.9427569191336],[-74.9416334170447,38.9427506209287],[-74.9415709625511,38.942737869391],[-74.9414832780328,38.9426991817477],[-74.9412242129682,38.9425343672438],[-74.9408113106508,38.9422825120311]]},"properties":{"OBJECTID":336243,"PRIMENAME":"4th Avenue","ELEVTYP_F":0,"ELEVTYP_T":0}},{"type":"Feature","id":336321,"geometry":{"type":"LineString","coordinates":[[-74.9003479021378,38.9382178967924],[-74.899932627738,38.9374088702201]]},"properties":{"OBJECTID":336321,"PRIMENAME":"Baltimore Avenue","ELEVTYP_F":0,"ELEVTYP_T":0}},{"type":"Feature","id":336340,"geometry":{"type":"LineString","coordinates":[[-74.9345818126178,38.9371238117547],[-74.9347784019426,38.936631327286]]},"properties":{"OBJECTID":336340,"PRIMENAME":"Atlantic Avenue","ELEVTYP_F":0,"ELEVTYP_T":0}},{"type":"Feature","id":336616,"geometry":{"type":"LineString","coordinates":[[-74.9076569209409,38.9463634142706],[-74.9077055596723,38.9463835094328],[-74.9077832306325,38.9464074561618],[-74.9078795181612,38.946422030006],[-74.9079769614402,38.9464232821847],[-74.9080857968023,38.9464185081782],[-74.9082524302674,38.9463937064998],[-74.908453979367,38.9463627150512],[-74.908624496843,38.946346961091],[-74.9088300007988,38.946337152595],[-74.9090316877578,38.9463364459806],[-74.9091946095505,38.9463449637934],[-74.9093226813754,38.9463528342563]]},"properties":{"OBJECTID":336616,"PRIMENAME":"Texas Avenue","ELEVTYP_F":0,"ELEVTYP_T":0}},{"type":"Feature","id":336766,"geometry":{"type":"LineString","coordinates":[[-74.9071384048187,38.9457284880326],[-74.9093293590371,38.9450010540919]]},"properties":{"OBJECTID":336766,"PRIMENAME":"Wisconsin Avenue","ELEVTYP_F":0,"ELEVTYP_T":0}},{"type":"Feature","id":338742,"geometry":{"type":"LineString","coordinates":[[-74.9319379943962,38.938146653794],[-74.9317471590701,38.9386343645333]]},"properties":{"OBJECTID":338742,"PRIMENAME":"Pacific Avenue","ELEVTYP_F":0,"ELEVTYP_T":0}},{"type":"Feature","id":339113,"geometry":{"type":"LineString","coordinates":[[-74.9176614993641,38.9330617123453],[-74.9179442785467,38.9327775195894]]},"properties":{"OBJECTID":339113,"PRIMENAME":"Sewell Avenue","ELEVTYP_F":0,"ELEVTYP_T":0}},{"type":"Feature","id":339240,"geometry":{"type":"LineString","coordinates":[[-74.9142563803379,38.936513665653],[-74.9146802191977,38.9360996233474],[-74.915410683696,38.9353402129126],[-74.9158943793443,38.9348491854252],[-74.9160352341128,38.9347061936912]]},"properties":{"OBJECTID":339240,"PRIMENAME":"Sewell Avenue","ELEVTYP_F":0,"ELEVTYP_T":0}},{"type":"Feature","id":340089,"geometry":{"type":"LineString","coordinates":[[-74.9116704972123,38.942726611689],[-74.9121163332982,38.9429450640689]]},"properties":{"OBJECTID":340089,"PRIMENAME":"West Street","ELEVTYP_F":0,"ELEVTYP_T":0}},{"type":"Feature","id":341037,"geometry":{"type":"LineString","coordinates":[[-74.9112456668477,38.9468145346694],[-74.911510826941,38.946508793833],[-74.9116892803929,38.9463072455458]]},"properties":{"OBJECTID":341037,"PRIMENAME":"Lafayette Street","ELEVTYP_F":0,"ELEVTYP_T":0}},{"type":"Feature","id":342542,"geometry":{"type":"LineString","coordinates":[[-74.9279309236063,38.9454278689947],[-74.927895781369,38.9454670252627]]},"properties":{"OBJECTID":342542,"PRIMENAME":"Broadway","ELEVTYP_F":0,"ELEVTYP_T":0}},{"type":"Feature","id":342597,"geometry":{"type":"LineString","coordinates":[[-74.9258851255771,38.9511574145321],[-74.925781974937,38.9518196503229]]},"properties":{"OBJECTID":342597,"PRIMENAME":"Seashore Road","ELEVTYP_F":0,"ELEVTYP_T":0}},{"type":"Feature","id":343500,"geometry":{"type":"LineString","coordinates":[[-74.9315509348177,38.934584786189],[-74.9317827109096,38.9346293185273],[-74.9323746531879,38.9347409154516]]},"properties":{"OBJECTID":343500,"PRIMENAME":"Congress Street West","ELEVTYP_F":0,"ELEVTYP_T":0}},{"type":"Feature","id":343798,"geometry":{"type":"LineString","coordinates":[[-74.9231395422205,38.9320887856862],[-74.9223829615061,38.9324262181743],[-74.9222711441937,38.9324757742315]]},"properties":{"OBJECTID":343798,"PRIMENAME":"Carpenter Lane","ELEVTYP_F":0,"ELEVTYP_T":0}},{"type":"Feature","id":345433,"geometry":{"type":"LineString","coordinates":[[-74.9177453323134,38.9341200787107],[-74.9173187882646,38.9345534178288],[-74.9167737347961,38.9351085186078]]},"properties":{"OBJECTID":345433,"PRIMENAME":"Columbia Avenue","ELEVTYP_F":0,"ELEVTYP_T":0}},{"type":"Feature","id":345559,"geometry":{"type":"LineString","coordinates":[[-74.8934182374731,38.9465686686002],[-74.8931566283631,38.9466300047282]]},"properties":{"OBJECTID":345559,"PRIMENAME":"Unnamed Segment","ELEVTYP_F":0,"ELEVTYP_T":0}},{"type":"Feature","id":345834,"geometry":{"type":"LineString","coordinates":[[-74.9234029801314,38.9324448023138],[-74.9231395422205,38.9320887856862]]},"properties":{"OBJECTID":345834,"PRIMENAME":"Jackson Street","ELEVTYP_F":0,"ELEVTYP_T":0}},{"type":"Feature","id":349867,"geometry":{"type":"LineString","coordinates":[[-74.9089599604525,38.950302560856],[-74.9088578541577,38.9504392226644],[-74.9086902004457,38.9506554137536]]},"properties":{"OBJECTID":349867,"PRIMENAME":"State Highway 109","ELEVTYP_F":0,"ELEVTYP_T":0}},{"type":"Feature","id":364922,"geometry":{"type":"LineString","coordinates":[[-74.9110406827306,38.9458108338062],[-74.9110004884544,38.9458599619009],[-74.9105281842269,38.9464372099478]]},"properties":{"OBJECTID":364922,"PRIMENAME":"Washington Street","ELEVTYP_F":0,"ELEVTYP_T":0}},{"type":"Feature","id":377701,"geometry":{"type":"LineString","coordinates":[[-74.9105281842269,38.9464372099478],[-74.9104721085169,38.9465057506843],[-74.9103888568837,38.9466093271481],[-74.910265673617,38.9467625826963]]},"properties":{"OBJECTID":377701,"PRIMENAME":"Washington Street","ELEVTYP_F":0,"ELEVTYP_T":0}},{"type":"Feature","id":378608,"geometry":{"type":"LineString","coordinates":[[-74.9101774780322,38.9465232345131],[-74.9102239991976,38.9465662911061],[-74.9102518912927,38.9466042773063],[-74.9102651065749,38.9466397899533],[-74.9102685609538,38.9466778899709],[-74.910265673617,38.9467625826963]]},"properties":{"OBJECTID":378608,"PRIMENAME":"Texas Avenue","ELEVTYP_F":0,"ELEVTYP_T":0}},{"type":"Feature","id":381491,"geometry":{"type":"LineString","coordinates":[[-74.9066921661838,38.9463691418708],[-74.906686223798,38.9464367655892],[-74.9068404466912,38.9467198748401],[-74.9069122703879,38.9467729487037]]},"properties":{"OBJECTID":381491,"PRIMENAME":"Unnamed Segment","ELEVTYP_F":0,"ELEVTYP_T":0}},{"type":"Feature","id":398217,"geometry":{"type":"LineString","coordinates":[[-74.9099335764847,38.9471862263998],[-74.9099277132599,38.9472001690189],[-74.9099202578838,38.9472609606062],[-74.9099321590403,38.9473064721408],[-74.90995571689,38.9473428268408],[-74.9100064898448,38.9473791138657],[-74.9100649984808,38.9474092775118],[-74.9101506882941,38.9474332773648],[-74.9104176049062,38.947507966147]]},"properties":{"OBJECTID":398217,"PRIMENAME":"Washington Street","ELEVTYP_F":0,"ELEVTYP_T":0}},{"type":"Feature","id":398324,"geometry":{"type":"LineString","coordinates":[[-74.9116242371073,38.9461281344622],[-74.9110406827306,38.9458108338062]]},"properties":{"OBJECTID":398324,"PRIMENAME":"Sidney Avenue","ELEVTYP_F":0,"ELEVTYP_T":0}},{"type":"Feature","id":398733,"geometry":{"type":"LineString","coordinates":[[-74.9048944838882,38.954935421788],[-74.9046674480232,38.9552383070772],[-74.9045972279522,38.9553572812843],[-74.904551146253,38.9554353687807],[-74.904498526891,38.955560488894],[-74.9044576349921,38.9556577216211],[-74.9044039734696,38.9558122811489]]},"properties":{"OBJECTID":398733,"PRIMENAME":"State Highway 109","ELEVTYP_F":0,"ELEVTYP_T":0}},{"type":"Feature","id":401793,"geometry":{"type":"LineString","coordinates":[[-74.9086902004457,38.9506554137536],[-74.9083995979408,38.9510103713019],[-74.9083121928015,38.9511103221466]]},"properties":{"OBJECTID":401793,"PRIMENAME":"State Highway 109","ELEVTYP_F":0,"ELEVTYP_T":0}},{"type":"Feature","id":401868,"geometry":{"type":"LineString","coordinates":[[-74.910265673617,38.9467625826963],[-74.9101979086115,38.9468468989609],[-74.9100317800012,38.9470449098959],[-74.909950675956,38.947145418244],[-74.9099335764847,38.9471862263998]]},"properties":{"OBJECTID":401868,"PRIMENAME":"Washington Street","ELEVTYP_F":0,"ELEVTYP_T":0}},{"type":"Feature","id":401972,"geometry":{"type":"LineString","coordinates":[[-74.9267701056114,38.9415024267851],[-74.9267490218974,38.9414634845184],[-74.9267404517636,38.9414179904208],[-74.9267401210433,38.94136281879],[-74.9267643613646,38.9412423325842],[-74.9268577815194,38.940855209934],[-74.9271139899076,38.9398530508948],[-74.9272681783379,38.939199412904]]},"properties":{"OBJECTID":401972,"PRIMENAME":"Park Boulevard","ELEVTYP_F":0,"ELEVTYP_T":0}},{"type":"Feature","id":401980,"geometry":{"type":"LineString","coordinates":[[-74.9272536328613,38.9418140694084],[-74.9269917282082,38.9416738913036],[-74.9268330153306,38.9415801787034],[-74.926795320892,38.9415445655399],[-74.9267701056114,38.9415024267851]]},"properties":{"OBJECTID":401980,"PRIMENAME":"Central Avenue","ELEVTYP_F":0,"ELEVTYP_T":0}},{"type":"Feature","id":401983,"geometry":{"type":"LineString","coordinates":[[-74.9251035385502,38.9337621709727],[-74.9250295979752,38.9337550810107],[-74.9248361395074,38.9337443622162],[-74.9247229413122,38.9337334069566],[-74.9246023463332,38.9337081438407],[-74.9245245668953,38.9336882175047]]},"properties":{"OBJECTID":401983,"PRIMENAME":"Jackson Street","ELEVTYP_F":0,"ELEVTYP_T":0}},{"type":"Feature","id":402015,"geometry":{"type":"LineString","coordinates":[[-74.9118996359795,38.9423250461139],[-74.9116704972123,38.942726611689]]},"properties":{"OBJECTID":402015,"PRIMENAME":"Indiana Avenue","ELEVTYP_F":0,"ELEVTYP_T":0}},{"type":"Feature","id":402061,"geometry":{"type":"LineString","coordinates":[[-74.9125892067229,38.9405652347162],[-74.9127437558238,38.9406308085649],[-74.9127849716244,38.9406626797284],[-74.9128009431447,38.9406946671831],[-74.9128010493495,38.9407129832914],[-74.912801128789,38.9407266834376],[-74.9127793281963,38.9407809910912],[-74.9126981164802,38.9409217292528],[-74.9124967360259,38.9412760792945]]},"properties":{"OBJECTID":402061,"PRIMENAME":"Indiana Avenue","ELEVTYP_F":0,"ELEVTYP_T":0}},{"type":"Feature","id":402065,"geometry":{"type":"LineString","coordinates":[[-74.9273328141789,38.9330860456473],[-74.9268254457078,38.9333794569786],[-74.9267741767484,38.9334010347017],[-74.926729747526,38.9334199244254],[-74.9266797822124,38.9334361704939],[-74.9266439302921,38.9334432211224],[-74.926606478809,38.9334472290398],[-74.9265733949158,38.9334469382461],[-74.9265502010241,38.9334427123364],[-74.9265415721986,38.9334399908066],[-74.9265311810929,38.9334367135722],[-74.9264932710396,38.9333993983954],[-74.9264519198476,38.9333564049782],[-74.9263830024589,38.9332847492448],[-74.9263686069444,38.933270139257],[-74.9263533550769,38.9332594863161],[-74.9263382689134,38.933252813715],[-74.9263347010313,38.9332517853395]]},"properties":{"OBJECTID":402065,"PRIMENAME":"Claghorne Place","ELEVTYP_F":0,"ELEVTYP_T":0}},{"type":"Feature","id":402131,"geometry":{"type":"LineString","coordinates":[[-74.9249525661577,38.9329000542046],[-74.9251380860796,38.93315386473],[-74.9254960044857,38.9336297085329],[-74.9255885725137,38.933753538961],[-74.9256811408597,38.9338773684104]]},"properties":{"OBJECTID":402131,"PRIMENAME":"Perry Street","ELEVTYP_F":0,"ELEVTYP_T":0}},{"type":"Feature","id":402203,"geometry":{"type":"LineString","coordinates":[[-74.8851976232955,38.9490208728784],[-74.8848946242076,38.9481448726966],[-74.8846966242566,38.9475698717739]]},"properties":{"OBJECTID":402203,"PRIMENAME":"Harvard Avenue","ELEVTYP_F":0,"ELEVTYP_T":0}},{"type":"Feature","id":402208,"geometry":{"type":"LineString","coordinates":[[-74.9286840526902,38.9444001969483],[-74.928505443526,38.9447117660289],[-74.9284586497282,38.9447747256576],[-74.9283931334396,38.9448628711055],[-74.9282974592955,38.9449975489462],[-74.9282275478793,38.9450842420101],[-74.9281517461024,38.9451782392607],[-74.9280048955791,38.9453454511591],[-74.9279309236063,38.9454278689947]]},"properties":{"OBJECTID":402208,"PRIMENAME":"Broadway","ELEVTYP_F":0,"ELEVTYP_T":0}},{"type":"Feature","id":402289,"geometry":{"type":"LineString","coordinates":[[-74.9263347010313,38.9332517853395],[-74.9263108003824,38.9332448962872],[-74.9262834170012,38.9332396415155],[-74.92626690293,38.9332352812492],[-74.9262496970564,38.9332269146326],[-74.9262318252717,38.933213085764],[-74.9260807279804,38.9330673999596],[-74.9260078912973,38.9329971726725]]},"properties":{"OBJECTID":402289,"PRIMENAME":"Cape Hart Lane","ELEVTYP_F":0,"ELEVTYP_T":0}},{"type":"Feature","id":402291,"geometry":{"type":"LineString","coordinates":[[-74.9302869165148,38.9408682932049],[-74.9303141487049,38.9408771988049],[-74.9303522413011,38.9408853238431],[-74.9304035191494,38.9408937011413],[-74.930484368622,38.9408907670499],[-74.9306459919198,38.9408954706791],[-74.9307100438355,38.940905723168],[-74.9307640035085,38.9409213126809],[-74.9308416966557,38.9409604569817],[-74.9311762089807,38.9411406955879],[-74.9314257575953,38.9412820477713],[-74.9314668180243,38.9413053059872],[-74.9315309315268,38.9413313473308],[-74.9315713806185,38.9413338607522],[-74.9316083718212,38.9413284520899],[-74.9316385517013,38.9413073069964],[-74.9316685524551,38.941262521047]]},"properties":{"OBJECTID":402291,"PRIMENAME":"Landis Avenue","ELEVTYP_F":0,"ELEVTYP_T":0}},{"type":"Feature","id":402294,"geometry":{"type":"LineString","coordinates":[[-74.9160352341128,38.9347061936912],[-74.9159095592211,38.9347499707126],[-74.9158660715296,38.9347630387306],[-74.9158191192205,38.9347771478685],[-74.9157036681821,38.9348019699655],[-74.9155164153244,38.934836794979],[-74.9151293377094,38.934896741396],[-74.9146530882693,38.9349663669735]]},"properties":{"OBJECTID":402294,"PRIMENAME":"Wenonah Avenue","ELEVTYP_F":0,"ELEVTYP_T":0}},{"type":"Feature","id":402298,"geometry":{"type":"LineString","coordinates":[[-74.9160352341128,38.9347061936912],[-74.9159778182542,38.9346692193821],[-74.9159088038417,38.9346206435188],[-74.9158523123549,38.9345793822138],[-74.9158423588445,38.9345678306749],[-74.9158271446466,38.9345501737568],[-74.9158019211956,38.9345112180725],[-74.9157796548905,38.9344429798595],[-74.915750924939,38.9343332750645],[-74.9156848731197,38.9340636202509]]},"properties":{"OBJECTID":402298,"PRIMENAME":"Jefferson Street","ELEVTYP_F":0,"ELEVTYP_T":0}},{"type":"Feature","id":465646,"geometry":{"type":"LineString","coordinates":[[-74.9118390303753,38.9461381151342],[-74.9118090972845,38.9461442664787],[-74.9118006985502,38.9461459924469],[-74.9117665743394,38.9461505451108],[-74.9117347090282,38.9461493350457],[-74.9117021558346,38.9461462734099],[-74.9116675489645,38.9461397794906],[-74.9116242371073,38.9461281344622]]},"properties":{"OBJECTID":465646,"PRIMENAME":"Sidney Avenue","ELEVTYP_F":0,"ELEVTYP_T":0}},{"type":"Feature","id":465647,"geometry":{"type":"LineString","coordinates":[[-74.9116892803929,38.9463072455458],[-74.911685952142,38.9462737278446],[-74.9116825116719,38.946251124566],[-74.9116765699821,38.9462252995931],[-74.9116673085786,38.9461975485593],[-74.9116555746999,38.9461717440138],[-74.9116242371073,38.9461281344622]]},"properties":{"OBJECTID":465647,"PRIMENAME":"FR NJ 109 SB TO NJ 109 NB","ELEVTYP_F":0,"ELEVTYP_T":0}},{"type":"Feature","id":465648,"geometry":{"type":"LineString","coordinates":[[-74.9116892803929,38.9463072455458],[-74.911776952597,38.9462082280715]]},"properties":{"OBJECTID":465648,"PRIMENAME":"Lafayette Street","ELEVTYP_F":0,"ELEVTYP_T":0}},{"type":"Feature","id":465649,"geometry":{"type":"LineString","coordinates":[[-74.9118390303753,38.9461381151342],[-74.911776952597,38.9462082280715]]},"properties":{"OBJECTID":465649,"PRIMENAME":"Lafayette Street","ELEVTYP_F":0,"ELEVTYP_T":0}},{"type":"Feature","id":465650,"geometry":{"type":"LineString","coordinates":[[-74.9083121928015,38.9511103221466],[-74.9081413969542,38.9511068971473],[-74.9080600027732,38.9511001243426],[-74.9079609905613,38.9510899438196]]},"properties":{"OBJECTID":465650,"PRIMENAME":"Unnamed Segment","ELEVTYP_F":0,"ELEVTYP_T":0}},{"type":"Feature","id":465651,"geometry":{"type":"LineString","coordinates":[[-74.9079609905613,38.9510899438196],[-74.908019556429,38.9511244738755],[-74.9080501504214,38.9511516740386],[-74.9080659967073,38.9511730412845],[-74.9080785196754,38.9511936877418],[-74.9081017612938,38.9512442433822],[-74.9081283181701,38.9513206603605]]},"properties":{"OBJECTID":465651,"PRIMENAME":"FR NNP TO NJ 109 NB","ELEVTYP_F":0,"ELEVTYP_T":0}},{"type":"Feature","id":465652,"geometry":{"type":"LineString","coordinates":[[-74.9083121928015,38.9511103221466],[-74.9082327808889,38.9512011326851],[-74.9081525300787,38.9512929568762],[-74.9081283181701,38.9513206603605]]},"properties":{"OBJECTID":465652,"PRIMENAME":"State Highway 109","ELEVTYP_F":0,"ELEVTYP_T":1}},{"type":"Feature","id":466108,"geometry":{"type":"LineString","coordinates":[[-74.9104176049062,38.947507966147],[-74.9104697393851,38.9475424311289],[-74.9105088560381,38.9475736627103],[-74.9105384280844,38.9476043963377],[-74.9105480197352,38.9476190440583],[-74.9105533662869,38.9476313437314],[-74.9105560485062,38.9476435437708],[-74.9105572547985,38.947695470106],[-74.9105568323118,38.9477310252774],[-74.9105565279884,38.9477566659727]]},"properties":{"OBJECTID":466108,"PRIMENAME":"Washington Street","ELEVTYP_F":0,"ELEVTYP_T":0}},{"type":"Feature","id":466109,"geometry":{"type":"LineString","coordinates":[[-74.9104176049062,38.947507966147],[-74.9105115796962,38.9475108418586],[-74.9105441344391,38.9475094724458],[-74.9105594357232,38.9475079691266],[-74.9105886207998,38.9475006207769],[-74.910610389776,38.9474943858581],[-74.9106395404604,38.9474808783769],[-74.9106732922008,38.9474608342117],[-74.9107213370846,38.9474255231671],[-74.9108188548778,38.9473518969999]]},"properties":{"OBJECTID":466109,"PRIMENAME":"FR NJ 109 NB TO NJ 109 SB","ELEVTYP_F":0,"ELEVTYP_T":0}},{"type":"Feature","id":466110,"geometry":{"type":"LineString","coordinates":[[-74.9105565279884,38.9477566659727],[-74.910481412501,38.9478743845285]]},"properties":{"OBJECTID":466110,"PRIMENAME":"State Highway 109","ELEVTYP_F":0,"ELEVTYP_T":0}}]}